,Mkt-RF,SMB,HML,RMW,CMA,Mom
Agric,0.625462,0.394447,0.363333,0.021776,0.371543,-0.040430
Food,0.325663,0.024428,0.207588,0.189732,0.363784,-0.316906
Soda,0.287073,-0.111955,0.179302,0.230706,0.229036,-0.169050
Beer,0.372645,-0.114898,0.220077,0.205405,0.375019,-0.366774
Smoke,0.251080,-0.125509,0.304946,0.290989,0.320630,-0.005371
Toys,1.050538,0.737958,-0.118573,0.232716,0.378131,-0.296605
Fun,0.850453,-0.141280,-0.220897,-0.020715,0.066260,-0.142508
Books,0.751304,0.353595,0.054734,0.229794,0.040961,-0.248978
Hshld,0.420115,0.023061,0.090310,0.297927,0.291657,-0.218636
Clths,1.169703,0.570033,-0.219031,0.441380,0.400075,-0.356682
Hlth,0.570343,0.260144,0.161600,0.111259,0.091328,-0.122514
MedEq,0.730236,0.055220,-0.077253,0.077356,0.203215,-0.280208
Drugs,0.499059,0.113824,-0.072743,-0.130460,0.299271,-0.201741
Chems,0.969139,0.337379,0.303614,0.069632,0.327288,-0.187952
Rubbr,0.899878,0.396422,0.140536,0.128034,0.187239,-0.094543
Txtls,1.256415,1.054832,0.415709,0.306685,0.262478,-0.106155
BldMt,1.192656,0.733963,0.324689,0.339323,0.296665,0.113605
Cnstr,1.001659,0.972574,0.067929,0.101198,0.300146,0.511081
Steel,1.191005,0.574126,0.532467,-0.057457,0.077884,0.312143
FabPr,1.386829,0.920370,0.196441,0.188050,0.395784,0.153914
Mach,1.233234,0.306965,0.309098,-0.222773,0.279296,0.463476
ElcEq,1.243263,0.656108,0.280830,-0.618942,-0.028330,0.437716
Autos,1.886730,0.009327,0.027788,-0.404278,-0.532625,-0.164201
Aero,0.799926,0.059716,0.175159,-0.011856,0.019128,0.071073
Ships,1.012860,0.410064,0.360827,0.231157,0.264327,0.232237
Guns,0.443537,0.088777,-0.044886,-0.365601,-0.282094,0.013256
Gold,0.657561,0.054918,0.247166,-0.993236,0.208355,0.140966
Mines,1.191566,0.358672,0.174518,-0.301564,0.187630,0.275890
Coal,0.747055,0.681147,0.502217,0.159851,-0.065410,0.298148
Oil,0.720827,-0.136319,0.708472,0.237415,0.156702,-0.201624
Util,0.461457,-0.016827,0.372045,-0.021667,0.322888,0.018681
Telcm,0.599060,-0.080137,0.386354,0.074831,0.248931,-0.201593
PerSv,0.834825,0.354081,0.103150,0.334128,0.240866,-0.161660
BusSv,0.918546,0.080503,0.141556,0.017542,-0.030606,-0.411852
Hardw,1.200179,-0.049757,-0.033789,-0.360082,0.222408,0.427578
Softw,1.083048,-0.098566,-0.463919,0.041305,-0.607828,-0.213689
Chips,1.508819,-0.200551,-0.472443,0.133740,0.486938,0.422469
LabEq,1.083422,0.151349,0.132889,-0.462376,0.304854,0.008156
Paper,0.643956,0.215264,0.238088,0.225944,0.491845,-0.234663
Boxes,0.818032,0.381525,0.353233,0.292231,0.487263,-0.162657
Trans,1.055793,0.241504,0.258771,0.076061,0.142685,-0.163246
Whlsl,0.688303,0.346691,0.207252,0.358887,0.167421,0.042837
Rtail,0.982067,0.144410,-0.177876,0.343847,-0.316160,-0.117958
Meals,0.806634,0.126969,0.031531,0.228719,0.264687,-0.171189
Banks,1.115650,0.089215,0.889713,-0.055986,-0.073862,-0.056244
Insur,0.526768,-0.063614,0.404514,0.043871,0.065859,-0.202458
RlEst,1.089705,0.748718,0.137258,-0.014631,0.241139,-0.247084
Fin,1.168254,0.061137,0.496052,-0.236295,-0.054305,-0.034177
Other,0.696855,-0.169923,0.467385,0.112203,0.084626,-0.138724
