variant,set,months,exposure Mkt-RF,exposure SMB,exposure HML,exposure RMW,exposure CMA,exposure Mom,contribution Mkt-RF (per year),contribution Mkt-RF (standard error),contribution SMB (per year),contribution SMB (standard error),contribution HML (per year),contribution HML (standard error),contribution RMW (per year),contribution RMW (standard error),contribution CMA (per year),contribution CMA (standard error),contribution Mom (per year),contribution Mom (standard error),factor total (per year),factor total (standard error),residual (per year),residual (standard error),active return (per year),active return (standard error),factor share,largest identity error
"sample, daily 3y",C3,566,-0.00090893,0.01302629,-0.01396792,-0.01096228,-0.00472827,-0.00354249,-0.00029883,0.00011487,0.00029107,0.00024081,-0.00061676,0.00046175,-0.00070291,0.00028020,0.00030558,0.00026989,-0.00035701,0.00038476,-0.00137887,0.00054751,0.00068630,0.00108750,-0.00069257,0.00123262,0.22161448,0.00000000
"sample, daily 3y",C3 tilt only,566,-0.00045033,0.01149349,-0.01394023,-0.00800647,-0.00327003,-0.00316218,-0.00015078,0.00011500,0.00027399,0.00022186,-0.00048431,0.00042540,-0.00056147,0.00026038,0.00027400,0.00025464,-0.00039702,0.00039324,-0.00104558,0.00050905,0.00122099,0.00102742,0.00017541,0.00116888,0.22739336,0.00000000
"ledoit_wolf, daily 3y",C3,566,-0.00084244,0.01359353,-0.01456132,-0.01090711,-0.00496827,-0.00357543,-0.00029475,0.00011787,0.00029079,0.00024698,-0.00061784,0.00046407,-0.00069118,0.00028327,0.00029144,0.00027276,-0.00036155,0.00038993,-0.00138309,0.00055899,0.00074707,0.00108552,-0.00063602,0.00123505,0.22747849,0.00000000
"ledoit_wolf, daily 3y",C3 tilt only,566,-0.00037900,0.01189242,-0.01460602,-0.00799234,-0.00352994,-0.00316972,-0.00014870,0.00011714,0.00027716,0.00022593,-0.00048367,0.00042845,-0.00055289,0.00026369,0.00026244,0.00025784,-0.00039771,0.00039833,-0.00104337,0.00052111,0.00131908,0.00102231,0.00027571,0.00116896,0.23516921,0.00000000
"factor, daily 3y",C3,566,0.00148531,0.01170092,-0.00974032,-0.00756895,-0.00478944,-0.00422904,-0.00017569,0.00015461,0.00027362,0.00021102,-0.00061446,0.00043527,-0.00054392,0.00027514,0.00040596,0.00026754,-0.00043858,0.00044360,-0.00109308,0.00054154,0.00098961,0.00126028,-0.00010346,0.00136068,0.14212611,0.00000000
"factor, daily 3y",C3 tilt only,566,0.00125277,0.00987620,-0.00965367,-0.00521943,-0.00338609,-0.00376452,-0.00014353,0.00014541,0.00022948,0.00018508,-0.00052743,0.00040031,-0.00043262,0.00025619,0.00039128,0.00025274,-0.00044979,0.00043725,-0.00093261,0.00049904,0.00162480,0.00119542,0.00069220,0.00128565,0.13543511,0.00000000
"pca, daily 3y",C3,566,0.00008622,0.00975509,-0.01522804,-0.01156791,-0.00757744,-0.00485369,-0.00025265,0.00017213,0.00029588,0.00019976,-0.00056523,0.00051410,-0.00075225,0.00036538,0.00040068,0.00030223,-0.00063860,0.00052718,-0.00151218,0.00062403,0.00092858,0.00119062,-0.00058360,0.00133203,0.20106337,0.00000000
"pca, daily 3y",C3 tilt only,566,-0.00011291,0.00838157,-0.01520511,-0.00921741,-0.00558823,-0.00477802,-0.00015314,0.00013882,0.00026344,0.00018468,-0.00042515,0.00046796,-0.00062539,0.00034096,0.00039743,0.00028788,-0.00069833,0.00054222,-0.00124114,0.00059562,0.00163114,0.00111445,0.00039000,0.00126273,0.22107275,0.00000000
"sample, monthly 120",C3,566,-0.00528119,0.01809183,-0.01456323,-0.00818333,-0.00591115,-0.00515697,-0.00054934,0.00021372,0.00040028,0.00030705,-0.00039028,0.00032601,-0.00063383,0.00033358,0.00020566,0.00028446,-0.00070516,0.00051443,-0.00167267,0.00065845,0.00142918,0.00120875,-0.00024348,0.00139435,0.24849891,0.00000000
"sample, monthly 120",C3 tilt only,566,-0.00357090,0.01681701,-0.01586075,-0.00412921,-0.00475915,-0.00406666,-0.00047117,0.00018674,0.00031966,0.00028679,-0.00029094,0.00033752,-0.00044385,0.00028948,0.00019742,0.00027818,-0.00061859,0.00050628,-0.00130747,0.00063006,0.00196798,0.00112282,0.00066051,0.00132392,0.28072863,0.00000000
"robust, all five",C3,566,-0.00135151,0.01255629,-0.01357910,-0.00929446,-0.00454258,-0.00445381,-0.00040060,0.00014878,0.00026151,0.00021818,-0.00057058,0.00039607,-0.00061045,0.00028940,0.00042152,0.00027264,-0.00051053,0.00050621,-0.00140915,0.00057374,0.00093384,0.00112346,-0.00047531,0.00127200,0.21991038,0.00000000
"robust, all five",C3 tilt only,566,-0.00140938,0.01158905,-0.01324456,-0.00670401,-0.00369488,-0.00398771,-0.00027796,0.00015054,0.00029398,0.00022264,-0.00048941,0.00034822,-0.00048273,0.00027275,0.00036456,0.00026272,-0.00052216,0.00049410,-0.00111372,0.00055960,0.00167767,0.00102451,0.00056395,0.00119842,0.26916717,0.00000000
"RiskMetrics, daily 5y",C3,566,-0.00071314,0.01310328,-0.01466312,-0.01108569,-0.00468073,-0.00382550,-0.00028872,0.00012436,0.00025296,0.00024525,-0.00052722,0.00047568,-0.00070097,0.00027750,0.00027167,0.00027006,-0.00039309,0.00037197,-0.00138536,0.00055726,0.00085888,0.00108902,-0.00052648,0.00122715,0.21244330,0.00000000
"RiskMetrics, daily 5y",C3 tilt only,566,-0.00024599,0.01155754,-0.01440650,-0.00808393,-0.00321386,-0.00343359,-0.00015367,0.00011695,0.00023974,0.00022606,-0.00039515,0.00042968,-0.00056558,0.00025685,0.00023766,0.00025656,-0.00043279,0.00038518,-0.00106978,0.00051176,0.00133803,0.00102520,0.00026826,0.00116045,0.21951350,0.00000000
