,mean weight,weight 2026-08
Agric,0.001646,0.000827
Food,0.021978,0.004430
Soda,0.005167,0.006952
Beer,0.013667,0.003900
Smoke,0.010197,0.005788
Toys,0.002296,0.000543
Fun,0.009138,0.007232
Books,0.008040,0.000517
Hshld,0.026060,0.008851
Clths,0.005975,0.002317
Hlth,0.006623,0.006583
MedEq,0.014825,0.012343
Drugs,0.070638,0.059033
Chems,0.023570,0.005655
Rubbr,0.002121,0.000721
Txtls,0.001524,0.000165
BldMt,0.010061,0.004326
Cnstr,0.004340,0.006444
Steel,0.007160,0.004238
FabPr,0.000597,0.000106
Mach,0.020075,0.028167
ElcEq,0.011590,0.003460
Autos,0.019019,0.021980
Aero,0.012117,0.017601
Ships,0.001250,0.000947
Guns,0.003044,0.003140
Gold,0.001997,0.001813
Mines,0.003601,0.004658
Coal,0.000955,0.000188
Oil,0.072951,0.029598
Util,0.048706,0.025486
Telcm,0.056256,0.014384
PerSv,0.003480,0.002557
BusSv,0.020002,0.023339
Hardw,0.038420,0.016903
Softw,0.071730,0.174090
Chips,0.055835,0.215440
LabEq,0.011409,0.016959
Paper,0.013397,0.001275
Boxes,0.003805,0.000993
Trans,0.018486,0.016739
Whlsl,0.012359,0.010336
Rtail,0.064931,0.081980
Meals,0.011952,0.011094
Banks,0.075655,0.058134
Insur,0.043123,0.025767
RlEst,0.001539,0.001261
Fin,0.033343,0.030075
Other,0.023352,0.020664
