period,benchmark,market
1969-07,-0.06473656,-0.06470000
1969-08,0.05177502,0.05190000
1969-09,-0.02367644,-0.02350000
1969-10,0.05621990,0.05660000
1969-11,-0.03295606,-0.03280000
1969-12,-0.01950871,-0.01990000
1970-01,-0.07448485,-0.07500000
1970-02,0.05821793,0.05760000
1970-03,-0.00355883,-0.00490000
1970-04,-0.10342117,-0.10490000
1970-05,-0.06253955,-0.06370000
1970-06,-0.05142933,-0.05220000
1970-07,0.07448178,0.07440000
1970-08,0.05085869,0.05030000
1970-09,0.04676806,0.04720000
1970-10,-0.01846562,-0.01810000
1970-11,0.05097797,0.05080000
1970-12,0.06203101,0.06160000
1971-01,0.05123881,0.05210000
1971-02,0.01722960,0.01740000
1971-03,0.04347933,0.04420000
1971-04,0.03528306,0.03430000
1971-05,-0.03724352,-0.03700000
1971-06,0.00299919,0.00280000
1971-07,-0.04092012,-0.04090000
1971-08,0.04259254,0.04260000
1971-09,-0.00490526,-0.00490000
1971-10,-0.04040214,-0.04050000
1971-11,-0.00074057,-0.00090000
1971-12,0.09056274,0.09080000
1972-01,0.02697833,0.02760000
1972-02,0.03118692,0.03120000
1972-03,0.00840099,0.00890000
1972-04,0.00591203,0.00580000
1972-05,0.01570779,0.01590000
1972-06,-0.02149999,-0.02140000
1972-07,-0.00491146,-0.00490000
1972-08,0.03569306,0.03560000
1972-09,-0.00784772,-0.00800000
1972-10,0.00920291,0.00920000
1972-11,0.04954803,0.04970000
1972-12,0.01004116,0.00990000
1973-01,-0.02607393,-0.02830000
1973-02,-0.04173624,-0.04430000
1973-03,-0.00586278,-0.00840000
1973-04,-0.04618051,-0.05160000
1973-05,-0.02115321,-0.02460000
1973-06,-0.00926440,-0.01060000
1973-07,0.05681070,0.05680000
1973-08,-0.03120496,-0.03120000
1973-09,0.05424445,0.05420000
1973-10,-0.00173028,-0.00180000
1973-11,-0.12231743,-0.12220000
1973-12,0.01224695,0.01230000
1974-01,0.00443682,0.00470000
1974-02,0.00108324,0.00120000
1974-03,-0.02235996,-0.02260000
1974-04,-0.04497795,-0.04530000
1974-05,-0.03922511,-0.03950000
1974-06,-0.02191830,-0.02240000
1974-07,-0.07356208,-0.07360000
1974-08,-0.08792629,-0.08790000
1974-09,-0.10972017,-0.10980000
1974-10,0.16600415,0.16620000
1974-11,-0.03990840,-0.03990000
1974-12,-0.02729215,-0.02740000
1975-01,0.14205015,0.14250000
1975-02,0.06006579,0.05990000
1975-03,0.03109508,0.03070000
1975-04,0.04686403,0.04660000
1975-05,0.05614383,0.05640000
1975-06,0.05237793,0.05280000
1975-07,-0.06115317,-0.06120000
1975-08,-0.02357799,-0.02360000
1975-09,-0.03735489,-0.03730000
1975-10,0.05873771,0.05880000
1975-11,0.03072541,0.03060000
1975-12,-0.01127357,-0.01120000
1976-01,0.12646052,0.12620000
1976-02,0.00649685,0.00650000
1976-03,0.02726693,0.02720000
1976-04,-0.01079572,-0.01070000
1976-05,-0.00964839,-0.00970000
1976-06,0.04503263,0.04490000
1976-07,-0.00597339,-0.00590000
1976-08,-0.00150064,-0.00150000
1976-09,0.02477306,0.02500000
1976-10,-0.02013106,-0.02010000
1976-11,0.00755196,0.00760000
1976-12,0.06036088,0.06050000
1977-01,-0.03686778,-0.03670000
1977-02,-0.01563404,-0.01590000
1977-03,-0.00977242,-0.00970000
1977-04,0.00473969,0.00530000
1977-05,-0.01119201,-0.01100000
1977-06,0.05137098,0.05120000
1977-07,-0.01273691,-0.01270000
1977-08,-0.01314217,-0.01320000
1977-09,0.00150241,0.00160000
1977-10,-0.03891558,-0.03900000
1977-11,0.04528498,0.04500000
1977-12,0.00755804,0.00760000
1978-01,-0.05502206,-0.05510000
1978-02,-0.00959161,-0.00930000
1978-03,0.03384450,0.03380000
1978-04,0.08447094,0.08410000
1978-05,0.02267734,0.02270000
1978-06,-0.01168876,-0.01150000
1978-07,0.05677800,0.05680000
1978-08,0.04341144,0.04340000
1978-09,-0.00832516,-0.00820000
1978-10,-0.11190443,-0.11220000
1978-11,0.03403015,0.03410000
1978-12,0.01665984,0.01650000
1979-01,0.04973192,0.04990000
1979-02,-0.02853656,-0.02830000
1979-03,0.06464666,0.06480000
1979-04,0.00725810,0.00730000
1979-05,-0.01406099,-0.01380000
1979-06,0.04673735,0.04650000
1979-07,0.01593073,0.01600000
1979-08,0.06315570,0.06310000
1979-09,0.00018762,0.00000000
1979-10,-0.07231311,-0.07230000
1979-11,0.06214372,0.06210000
1979-12,0.02724242,0.02730000
1980-01,0.06300465,0.06300000
1980-02,-0.00377099,-0.00340000
1980-03,-0.11630076,-0.11690000
1980-04,0.05165063,0.05210000
1980-05,0.06080949,0.06070000
1980-06,0.03577488,0.03590000
1980-07,0.07034425,0.07040000
1980-08,0.02339546,0.02390000
1980-09,0.02955405,0.02940000
1980-10,0.01985624,0.01990000
1980-11,0.10588565,0.10560000
1980-12,-0.03037260,-0.03150000
1981-01,-0.04113476,-0.04020000
1981-02,0.01771620,0.01680000
1981-03,0.04754472,0.04880000
1981-04,-0.01153822,-0.01080000
1981-05,0.01197624,0.01280000
1981-06,-0.00801572,-0.00990000
1981-07,-0.00308555,-0.00310000
1981-08,-0.05735346,-0.05740000
1981-09,-0.05951711,-0.05950000
1981-10,0.06094255,0.06130000
1981-11,0.04477033,0.04470000
1981-12,-0.02753719,-0.02760000
1982-01,-0.02444045,-0.02430000
1982-02,-0.04977513,-0.04940000
1982-03,-0.00809614,-0.00840000
1982-04,0.04364138,0.04370000
1982-05,-0.02796705,-0.02870000
1982-06,-0.02091014,-0.02120000
1982-07,-0.02147760,-0.02150000
1982-08,0.11926151,0.11990000
1982-09,0.01833418,0.01820000
1982-10,0.11820819,0.11890000
1982-11,0.05299637,0.05310000
1982-12,0.01233863,0.01230000
1983-01,0.04192110,0.04280000
1983-02,0.03230845,0.03210000
1983-03,0.03487699,0.03440000
1983-04,0.07352468,0.07370000
1983-05,0.01092814,0.01200000
1983-06,0.03803677,0.03740000
1983-07,-0.03322471,-0.03320000
1983-08,0.00292372,0.00260000
1983-09,0.01677994,0.01680000
1983-10,-0.02612709,-0.02670000
1983-11,0.02821036,0.02870000
1983-12,-0.00983532,-0.01040000
1984-01,-0.01114366,-0.01160000
1984-02,-0.03925744,-0.04060000
1984-03,0.01210981,0.01380000
1984-04,0.00422640,0.00300000
1984-05,-0.05141207,-0.05200000
1984-06,0.02892188,0.02560000
1984-07,-0.01905782,-0.01900000
1984-08,0.11097321,0.11100000
1984-09,0.00067128,0.00060000
1984-10,0.00170919,0.00160000
1984-11,-0.01017459,-0.01040000
1984-12,0.02475879,0.02480000
1985-01,0.08549085,0.08620000
1985-02,0.01778755,0.01800000
1985-03,-0.00181718,-0.00210000
1985-04,-0.00227976,-0.00240000
1985-05,0.05728709,0.05730000
1985-06,0.01785625,0.01820000
1985-07,-0.00100900,-0.00100000
1985-08,-0.00460149,-0.00460000
1985-09,-0.03878766,-0.03910000
1985-10,0.04650327,0.04650000
1985-11,0.07062634,0.07070000
1985-12,0.04545821,0.04530000
1986-01,0.01116336,0.01210000
1986-02,0.07687688,0.07670000
1986-03,0.05511662,0.05510000
1986-04,-0.00743943,-0.00760000
1986-05,0.05158098,0.05110000
1986-06,0.01617024,0.01580000
1986-07,-0.05912442,-0.05910000
1986-08,0.06527734,0.06530000
1986-09,-0.08138283,-0.08140000
1986-10,0.05113513,0.05100000
1986-11,0.01564194,0.01560000
1986-12,-0.02776691,-0.02770000
1987-01,0.12885366,0.12870000
1987-02,0.04730575,0.04810000
1987-03,0.02037665,0.02100000
1987-04,-0.01629635,-0.01650000
1987-05,0.00537707,0.00490000
1987-06,0.04509980,0.04390000
1987-07,0.04301090,0.04300000
1987-08,0.03992130,0.03990000
1987-09,-0.02134397,-0.02130000
1987-10,-0.22505119,-0.22590000
1987-11,-0.07407484,-0.07410000
1987-12,0.07183243,0.07210000
1988-01,0.04536924,0.04500000
1988-02,0.05196981,0.05230000
1988-03,-0.01868941,-0.01820000
1988-04,0.00976113,0.01030000
1988-05,0.00266709,0.00240000
1988-06,0.05210240,0.05270000
1988-07,-0.00739618,-0.00740000
1988-08,-0.02733787,-0.02720000
1988-09,0.03931315,0.03930000
1988-10,0.01808579,0.01770000
1988-11,-0.01696127,-0.01700000
1988-12,0.02107812,0.02110000
1989-01,0.06582360,0.06620000
1989-02,-0.01671650,-0.01620000
1989-03,0.02229426,0.02240000
1989-04,0.05070084,0.05020000
1989-05,0.04074276,0.04070000
1989-06,-0.00622168,-0.00620000
1989-07,0.07873081,0.07880000
1989-08,0.02184859,0.02170000
1989-09,-0.00127263,-0.00110000
1989-10,-0.02957537,-0.02970000
1989-11,0.01696917,0.01730000
1989-12,0.01827411,0.01790000
1990-01,-0.07206032,-0.07230000
1990-02,0.01660531,0.01690000
1990-03,0.02457589,0.02470000
1990-04,-0.02698388,-0.02670000
1990-05,0.09073152,0.09110000
1990-06,-0.00534761,-0.00460000
1990-07,-0.01219289,-0.01220000
1990-08,-0.09467015,-0.09460000
1990-09,-0.05507494,-0.05510000
1990-10,-0.01195905,-0.01240000
1990-11,0.06918784,0.06920000
1990-12,0.03100608,0.03060000
1991-01,0.05195422,0.05210000
1991-02,0.07673480,0.07670000
1991-03,0.03126628,0.03100000
1991-04,0.00276546,0.00250000
1991-05,0.04145380,0.04130000
1991-06,-0.04501968,-0.04520000
1991-07,0.04728075,0.04730000
1991-08,0.02772552,0.02780000
1991-09,-0.01150165,-0.01130000
1991-10,0.01684908,0.01710000
1991-11,-0.03765748,-0.03810000
1991-12,0.11214894,0.11230000
1992-01,-0.00388337,-0.00250000
1992-02,0.01358984,0.01360000
1992-03,-0.02240881,-0.02310000
1992-04,0.01618801,0.01410000
1992-05,0.00624831,0.00580000
1992-06,-0.01960269,-0.02010000
1992-07,0.04087195,0.04090000
1992-08,-0.02126035,-0.02120000
1992-09,0.01442727,0.01450000
1992-10,0.01224658,0.01250000
1992-11,0.04303936,0.04370000
1992-12,0.01786157,0.01810000
1993-01,0.01085716,0.01160000
1993-02,0.00394924,0.00340000
1993-03,0.02530901,0.02570000
1993-04,-0.02767030,-0.02810000
1993-05,0.03082745,0.03110000
1993-06,0.00462518,0.00550000
1993-07,-0.00102105,-0.00100000
1993-08,0.03961876,0.03970000
1993-09,0.00116395,0.00140000
1993-10,0.01637528,0.01640000
1993-11,-0.01563335,-0.01620000
1993-12,0.01842093,0.01880000
1994-01,0.03068721,0.03120000
1994-02,-0.02338898,-0.02340000
1994-03,-0.04427456,-0.04520000
1994-04,0.00973474,0.00950000
1994-05,0.01013802,0.00900000
1994-06,-0.02654211,-0.02730000
1994-07,0.03092249,0.03100000
1994-08,0.04391534,0.04390000
1994-09,-0.01948220,-0.01910000
1994-10,0.01741808,0.01730000
1994-11,-0.03618764,-0.03660000
1994-12,0.01312743,0.01300000
1995-01,0.02223569,0.02220000
1995-02,0.04056646,0.04030000
1995-03,0.02638548,0.02650000
1995-04,0.02588625,0.02550000
1995-05,0.03489544,0.03440000
1995-06,0.03078884,0.03190000
1995-07,0.04165798,0.04160000
1995-08,0.01034627,0.01020000
1995-09,0.03794311,0.03790000
1995-10,-0.01062344,-0.01040000
1995-11,0.04378952,0.04380000
1995-12,0.01539252,0.01530000
1996-01,0.02726424,0.02690000
1996-02,0.01742013,0.01720000
1996-03,0.01172595,0.01130000
1996-04,0.02293041,0.02520000
1996-05,0.02696973,0.02780000
1996-06,-0.00507274,-0.00730000
1996-07,-0.05508522,-0.05510000
1996-08,0.03160341,0.03180000
1996-09,0.05410905,0.05450000
1996-10,0.01350023,0.01290000
1996-11,0.06763044,0.06660000
1996-12,-0.01218001,-0.01240000
1997-01,0.05441932,0.05410000
1997-02,0.00042021,-0.00090000
1997-03,-0.04536497,-0.04590000
1997-04,0.04607661,0.04470000
1997-05,0.07036562,0.07220000
1997-06,0.04379669,0.04470000
1997-07,0.07744834,0.07740000
1997-08,-0.03693627,-0.03690000
1997-09,0.05772213,0.05780000
1997-10,-0.03351154,-0.03380000
1997-11,0.03424693,0.03380000
1997-12,0.01839826,0.01810000
1998-01,0.00601230,0.00580000
1998-02,0.07400710,0.07420000
1998-03,0.05109978,0.05150000
1998-04,0.01276458,0.01170000
1998-05,-0.02464306,-0.02670000
1998-06,0.03623818,0.03600000
1998-07,-0.02024608,-0.02020000
1998-08,-0.15580707,-0.15620000
1998-09,0.06592290,0.06650000
1998-10,0.07323825,0.07300000
1998-11,0.06330726,0.06380000
1998-12,0.06452446,0.06530000
1999-01,0.03624643,0.03830000
1999-02,-0.03762532,-0.03730000
1999-03,0.03696605,0.03910000
1999-04,0.04493635,0.04710000
1999-05,-0.01818052,-0.02120000
1999-06,0.05143760,0.05170000
1999-07,-0.03107756,-0.03110000
1999-08,-0.00997328,-0.00980000
1999-09,-0.02447331,-0.02380000
1999-10,0.06334601,0.06480000
1999-11,0.03238204,0.03770000
1999-12,0.07375170,0.08100000
2000-01,-0.04220108,-0.04330000
2000-02,0.01903796,0.02890000
2000-03,0.07429626,0.05680000
2000-04,-0.04433541,-0.05930000
2000-05,-0.03161366,-0.03890000
2000-06,0.03865702,0.05080000
2000-07,-0.02017901,-0.02000000
2000-08,0.07535228,0.07530000
2000-09,-0.04785422,-0.04930000
2000-10,-0.02104006,-0.02220000
2000-11,-0.09798293,-0.10190000
2000-12,0.01645758,0.01680000
2001-01,0.03738544,0.03790000
2001-02,-0.09225888,-0.09650000
2001-03,-0.06725924,-0.06830000
2001-04,0.08045358,0.08320000
2001-05,0.01038954,0.01000000
2001-06,-0.01522406,-0.01660000
2001-07,-0.01829393,-0.01830000
2001-08,-0.06046266,-0.06090000
2001-09,-0.08958445,-0.08960000
2001-10,0.02697007,0.02700000
2001-11,0.07798233,0.07700000
2001-12,0.01710007,0.01760000
2002-01,-0.01160403,-0.01300000
2002-02,-0.02122354,-0.02170000
2002-03,0.04385337,0.04370000
2002-04,-0.05135245,-0.05060000
2002-05,-0.01248737,-0.01220000
2002-06,-0.07089434,-0.07100000
2002-07,-0.08039936,-0.08040000
2002-08,0.00638908,0.00640000
2002-09,-0.10197359,-0.10200000
2002-10,0.08027002,0.07980000
2002-11,0.06053831,0.06080000
2002-12,-0.05709746,-0.05650000
2003-01,-0.02652951,-0.02470000
2003-02,-0.01885703,-0.01790000
2003-03,0.01162057,0.01190000
2003-04,0.08258099,0.08280000
2003-05,0.06210618,0.06140000
2003-06,0.01462615,0.01520000
2003-07,0.02400183,0.02400000
2003-08,0.02393373,0.02400000
2003-09,-0.01152792,-0.01160000
2003-10,0.06133742,0.06150000
2003-11,0.01429202,0.01420000
2003-12,0.04392001,0.04370000
2004-01,0.02184435,0.02220000
2004-02,0.01451529,0.01460000
2004-03,-0.01220083,-0.01230000
2004-04,-0.01721031,-0.01730000
2004-05,0.01226669,0.01240000
2004-06,0.01900372,0.01930000
2004-07,-0.03963318,-0.03940000
2004-08,0.00148734,0.00180000
2004-09,0.01691777,0.01710000
2004-10,0.01510874,0.01530000
2004-11,0.04677656,0.04680000
2004-12,0.03577987,0.03580000
2005-01,-0.02554819,-0.02590000
2005-02,0.02089180,0.02040000
2005-03,-0.01684122,-0.01730000
2005-04,-0.02367177,-0.02400000
2005-05,0.03839154,0.03890000
2005-06,0.00712505,0.00810000
2005-07,0.04153385,0.04160000
2005-08,-0.00901733,-0.00900000
2005-09,0.00788832,0.00770000
2005-10,-0.01722557,-0.01770000
2005-11,0.03921986,0.03920000
2005-12,0.00062659,0.00080000
2006-01,0.03330705,0.03380000
2006-02,0.00069597,0.00040000
2006-03,0.01812143,0.01840000
2006-04,0.01085828,0.01090000
2006-05,-0.03005377,-0.03130000
2006-06,0.00076138,0.00050000
2006-07,-0.00374373,-0.00370000
2006-08,0.02451208,0.02450000
2006-09,0.02247328,0.02250000
2006-10,0.03607012,0.03630000
2006-11,0.02116133,0.02120000
2006-12,0.01248276,0.01250000
2007-01,0.01820693,0.01820000
2007-02,-0.01593594,-0.01580000
2007-03,0.01131178,0.01140000
2007-04,0.04059837,0.03930000
2007-05,0.03586476,0.03640000
2007-06,-0.01603397,-0.01560000
2007-07,-0.03323444,-0.03320000
2007-08,0.01366939,0.01360000
2007-09,0.03515768,0.03540000
2007-10,0.02045398,0.02110000
2007-11,-0.04433443,-0.04460000
2007-12,-0.00606609,-0.00600000
2008-01,-0.06014787,-0.06120000
2008-02,-0.02971921,-0.02960000
2008-03,-0.00689132,-0.00770000
2008-04,0.04609510,0.04790000
2008-05,0.02057201,0.02050000
2008-06,-0.08280609,-0.08260000
2008-07,-0.00599779,-0.00600000
2008-08,0.01685026,0.01660000
2008-09,-0.09130908,-0.09200000
2008-10,-0.17056711,-0.17120000
2008-11,-0.07602722,-0.07710000
2008-12,0.01823832,0.01770000
2009-01,-0.07990636,-0.08090000
2009-02,-0.10027433,-0.10130000
2009-03,0.08910253,0.09030000
2009-04,0.09993373,0.10180000
2009-05,0.05048358,0.05210000
2009-06,0.00459924,0.00430000
2009-07,0.07762933,0.07750000
2009-08,0.03324232,0.03340000
2009-09,0.04107559,0.04090000
2009-10,-0.02423762,-0.02530000
2009-11,0.05667078,0.05630000
2009-12,0.02859736,0.02810000
2010-01,-0.03400686,-0.03350000
2010-02,0.03432994,0.03390000
2010-03,0.06216822,0.06310000
2010-04,0.01953129,0.02000000
2010-05,-0.07828093,-0.07890000
2010-06,-0.05522013,-0.05550000
2010-07,0.06930646,0.06930000
2010-08,-0.04758728,-0.04770000
2010-09,0.09545531,0.09560000
2010-10,0.03863968,0.03880000
2010-11,0.00606899,0.00600000
2010-12,0.06712846,0.06830000
2011-01,0.02053067,0.01990000
2011-02,0.03582546,0.03490000
2011-03,0.00528810,0.00460000
2011-04,0.02983996,0.02900000
2011-05,-0.01236499,-0.01270000
2011-06,-0.01680746,-0.01740000
2011-07,-0.02350570,-0.02350000
2011-08,-0.05936654,-0.05950000
2011-09,-0.07532006,-0.07580000
2011-10,0.11315247,0.11330000
2011-11,-0.00218177,-0.00270000
2011-12,0.00743954,0.00750000
2012-01,0.05019537,0.05050000
2012-02,0.04400983,0.04420000
2012-03,0.03085382,0.03120000
2012-04,-0.00775069,-0.00850000
2012-05,-0.06111539,-0.06160000
2012-06,0.03893302,0.03890000
2012-07,0.00795864,0.00790000
2012-08,0.02555805,0.02550000
2012-09,0.02731509,0.02740000
2012-10,-0.01739343,-0.01750000
2012-11,0.00769130,0.00790000
2012-12,0.01179592,0.01190000
2013-01,0.05561817,0.05570000
2013-02,0.01299198,0.01280000
2013-03,0.04037943,0.04040000
2013-04,0.01530156,0.01560000
2013-05,0.02844589,0.02800000
2013-06,-0.01251384,-0.01200000
2013-07,0.05653411,0.05650000
2013-08,-0.02721230,-0.02710000
2013-09,0.03768338,0.03770000
2013-10,0.04184107,0.04170000
2013-11,0.03109037,0.03110000
2013-12,0.02665806,0.02810000
2014-01,-0.03348467,-0.03320000
2014-02,0.04675047,0.04660000
2014-03,0.00542713,0.00430000
2014-04,-0.00009906,-0.00180000
2014-05,0.02037843,0.02050000
2014-06,0.02501011,0.02600000
2014-07,-0.02030605,-0.02030000
2014-08,0.04231062,0.04240000
2014-09,-0.01958476,-0.01960000
2014-10,0.02524008,0.02510000
2014-11,0.02565566,0.02560000
2014-12,-0.00069814,-0.00050000
2015-01,-0.03091169,-0.03100000
2015-02,0.06131030,0.06130000
2015-03,-0.01145085,-0.01110000
2015-04,0.00606019,0.00590000
2015-05,0.01342835,0.01370000
2015-06,-0.01526136,-0.01520000
2015-07,0.01568384,0.01570000
2015-08,-0.05989193,-0.06020000
2015-09,-0.03013858,-0.03060000
2015-10,0.07767734,0.07750000
2015-11,0.00604506,0.00570000
2015-12,-0.02193741,-0.02140000
2016-01,-0.05826271,-0.05730000
2016-02,0.00006145,-0.00040000
2016-03,0.06946182,0.06970000
2016-04,0.00868165,0.00930000
2016-05,0.01750479,0.01790000
2016-06,-0.00095703,-0.00010000
2016-07,0.03966917,0.03960000
2016-08,0.00499005,0.00510000
2016-09,0.00282667,0.00290000
2016-10,-0.01974380,-0.01990000
2016-11,0.04866205,0.04870000
2016-12,0.01846266,0.01840000
2017-01,0.01969529,0.01980000
2017-02,0.03628913,0.03590000
2017-03,0.00196147,0.00200000
2017-04,0.01145426,0.01130000
2017-05,0.01137989,0.01130000
2017-06,0.00851322,0.00850000
2017-07,0.01949022,0.01950000
2017-08,0.00263830,0.00270000
2017-09,0.02583404,0.02580000
2017-10,0.02328991,0.02350000
2017-11,0.03254089,0.03200000
2017-12,0.01153393,0.01150000
2018-01,0.05687792,0.05690000
2018-02,-0.03521102,-0.03530000
2018-03,-0.02202256,-0.02230000
2018-04,0.00424567,0.00410000
2018-05,0.02733318,0.02800000
2018-06,0.00605316,0.00630000
2018-07,0.03364107,0.03360000
2018-08,0.03613299,0.03610000
2018-09,0.00194209,0.00210000
2018-10,-0.07433932,-0.07460000
2018-11,0.01880178,0.01890000
2018-12,-0.09329256,-0.09360000
2019-01,0.08552121,0.08580000
2019-02,0.03626328,0.03600000
2019-03,0.01295606,0.01290000
2019-04,0.04229484,0.04180000
2019-05,-0.06785708,-0.06710000
2019-06,0.07196535,0.07170000
2019-07,0.01417437,0.01420000
2019-08,-0.02400372,-0.02390000
2019-09,0.01639377,0.01590000
2019-10,0.02236770,0.02220000
2019-11,0.03981425,0.03990000
2019-12,0.02901621,0.02910000
2020-01,-0.00022172,0.00020000
2020-02,-0.08087651,-0.08030000
2020-03,-0.13218746,-0.13250000
2020-04,0.13555437,0.13600000
2020-05,0.05436133,0.05580000
2020-06,0.02364946,0.02460000
2020-07,0.05835967,0.05840000
2020-08,0.07626557,0.07630000
2020-09,-0.03664083,-0.03630000
2020-10,-0.02071452,-0.02070000
2020-11,0.12280759,0.12460000
2020-12,0.04635524,0.04640000
2021-01,-0.00194875,-0.00070000
2021-02,0.02954837,0.02810000
2021-03,0.03437885,0.03170000
2021-04,0.05154006,0.04950000
2021-05,0.00352329,0.00300000
2021-06,0.02526477,0.02740000
2021-07,0.01343413,0.01340000
2021-08,0.02915960,0.02940000
2021-09,-0.04390033,-0.04400000
2021-10,0.06658131,0.06630000
2021-11,-0.01516578,-0.01580000
2021-12,0.03415802,0.03240000
2022-01,-0.05947589,-0.06160000
2022-02,-0.02295147,-0.02280000
2022-03,0.03152711,0.03080000
2022-04,-0.09269143,-0.09410000
2022-05,-0.00247087,-0.00310000
2022-06,-0.08224689,-0.08340000
2022-07,0.09646655,0.09650000
2022-08,-0.03585983,-0.03580000
2022-09,-0.09097854,-0.09150000
2022-10,0.08115371,0.08080000
2022-11,0.05005775,0.04940000
2022-12,-0.06039763,-0.06050000
2023-01,0.06946927,0.06960000
2023-02,-0.02225692,-0.02230000
2023-03,0.02873853,0.02840000
2023-04,0.01009683,0.00970000
2023-05,0.00640049,0.00700000
2023-06,0.06883993,0.06860000
2023-07,0.03654872,0.03660000
2023-08,-0.01900449,-0.01910000
2023-09,-0.04793710,-0.04800000
2023-10,-0.02668495,-0.02680000
2023-11,0.09309835,0.09320000
2023-12,0.05246238,0.05280000
2024-01,0.01220211,0.01200000
2024-02,0.05452153,0.05490000
2024-03,0.03266448,0.03270000
2024-04,-0.04170542,-0.04180000
2024-05,0.04786324,0.04770000
2024-06,0.03178964,0.03210000
2024-07,0.01673392,0.01670000
2024-08,0.02092426,0.02080000
2024-09,0.02129396,0.02120000
2024-10,-0.00624471,-0.00610000
2024-11,0.06866529,0.06890000
2024-12,-0.02799393,-0.02800000
2025-01,0.03170379,0.03170000
2025-02,-0.02079217,-0.02110000
2025-03,-0.06035564,-0.06050000
2025-04,-0.00530216,-0.00490000
2025-05,0.06393400,0.06440000
2025-06,0.05190492,0.05200000
2025-07,0.02323283,0.02320000
2025-08,0.02224679,0.02220000
2025-09,0.03725407,0.03720000
2025-10,0.02323191,0.02330000
2025-11,0.00195511,0.00170000
2025-12,-0.00000203,-0.00020000
2026-01,0.01333922,0.01330000
2026-02,-0.00847334,-0.00890000
2026-03,-0.04878505,-0.04890000
2026-04,0.10151620,0.10240000
2026-05,0.05118864,0.05220000
2026-06,-0.00767745,-0.00780000
2026-07,-0.00280562,-0.00280000
2026-08,0.02855242,0.02850000
