forecast,period,months,benchmark,1/N,"industries, mean","active, mean"
"sample, monthly_120",all months,566.000000,1.023434,1.023366,1.040215,1.060114
"sample, monthly_120",1979-07 to 1989-12,126.000000,1.035600,0.992524,1.002320,0.958894
"sample, monthly_120",1990s,120.000000,0.921388,0.923833,1.012500,1.151337
"sample, monthly_120",2000s,120.000000,1.132298,1.200241,1.115570,1.066856
"sample, monthly_120",2010s,120.000000,0.840265,0.823239,0.849995,0.875691
"sample, monthly_120",2020-01 to 2026-08,80.000000,1.195228,1.199200,1.229323,1.254516
"sample, daily_3y, 21 rule",all months,566.000000,1.028386,1.120392,1.099805,1.060151
"sample, daily_3y, 21 rule",1979-07 to 1989-12,126.000000,1.341567,1.459792,1.355519,1.155747
"sample, daily_3y, 21 rule",1990s,120.000000,1.074550,1.200688,1.155535,1.109325
"sample, daily_3y, 21 rule",2000s,120.000000,0.872281,0.961720,0.985744,0.992902
"sample, daily_3y, 21 rule",2010s,120.000000,0.783445,0.809303,0.859395,0.945567
"sample, daily_3y, 21 rule",2020-01 to 2026-08,80.000000,0.892898,1.007824,1.017826,1.051097
"sample, daily_3y, corrected (3y)",all months,566.000000,1.069010,1.164473,1.154735,1.133305
"sample, daily_3y, corrected (3y)",1979-07 to 1989-12,126.000000,1.137368,1.238617,1.147516,0.975640
"sample, daily_3y, corrected (3y)",1990s,120.000000,1.114240,1.248502,1.194314,1.138872
"sample, daily_3y, corrected (3y)",2000s,120.000000,1.068759,1.180613,1.201051,1.197350
"sample, daily_3y, corrected (3y)",2010s,120.000000,0.949056,0.980290,1.040779,1.145021
"sample, daily_3y, corrected (3y)",2020-01 to 2026-08,80.000000,1.019974,1.153039,1.163824,1.196243
"sample, daily_3y, corrected (10y)",all months,566.000000,1.022453,1.112677,1.105613,1.091613
"sample, daily_3y, corrected (10y)",1979-07 to 1989-12,126.000000,1.089328,1.185463,1.100702,0.939376
"sample, daily_3y, corrected (10y)",1990s,120.000000,1.039257,1.163900,1.116803,1.070628
"sample, daily_3y, corrected (10y)",2000s,120.000000,0.971297,1.072044,1.094188,1.100508
"sample, daily_3y, corrected (10y)",2010s,120.000000,0.952470,0.982426,1.043201,1.147121
"sample, daily_3y, corrected (10y)",2020-01 to 2026-08,80.000000,1.032769,1.169709,1.171729,1.202606
