estimator,data,observations,bias: benchmark,bias: 1/N,"bias: industries, mean","bias: industries, range","bias: active, mean",GMV long-only vol %,GMV unconstrained vol %,turnover long-only,turnover unconstrained,industries held (long-only),"largest |weight| (unconstrained, median)",condition number (median),shrinkage intensity (median)
sample,monthly_120,120,1.023434,1.023366,1.040215,0.97 to 1.15,1.060114,12.271402,14.123180,0.070422,0.762858,8.162544,0.487411,1858.703373,
ledoit_wolf,monthly_120,120,1.059110,1.061907,1.034740,0.96 to 1.17,1.021014,12.225100,12.134501,0.066139,0.338591,10.113074,0.287611,349.169209,0.067711
factor,monthly_120,120,1.015264,1.030864,1.030586,0.96 to 1.14,1.023750,12.148780,12.752029,0.052448,0.210154,8.540636,0.269638,533.246980,
pca,monthly_120,120,1.016270,1.020283,1.038214,0.97 to 1.15,1.061229,12.317107,12.653761,0.062317,0.289126,7.911661,0.292807,564.237901,
sample,daily_3y,756,1.028386,1.120392,1.099805,0.96 to 1.27,1.060151,12.170294,11.934695,0.085558,0.404278,9.554770,0.399689,691.331810,
ledoit_wolf,daily_3y,756,1.037054,1.130352,1.097741,0.95 to 1.27,1.047881,12.199907,11.850914,0.083776,0.352392,10.098940,0.342448,464.206198,0.012074
factor,daily_3y,756,1.018672,1.122633,1.098135,0.95 to 1.27,1.050953,12.113674,13.171739,0.069392,0.234307,9.514134,0.324872,463.644613,
pca,daily_3y,756,1.018569,1.117070,1.099476,0.95 to 1.27,1.065196,12.179329,13.512537,0.079263,0.294458,9.159011,0.352516,445.862775,
sample,daily_1y,252,1.038139,1.130932,1.109529,0.98 to 1.27,1.048021,12.037817,11.884336,0.215105,1.180564,9.689046,0.408888,806.907296,
sample,daily_5y,1260,1.024490,1.108705,1.097171,0.93 to 1.30,1.067223,12.059194,11.913230,0.054568,0.261345,9.183746,0.405439,718.218164,
sample,daily_5y_ewma,1260,0.998042,1.089041,1.072535,0.93 to 1.22,1.036449,12.076324,11.657602,0.100036,0.483459,9.636042,0.389630,683.373555,
ledoit_wolf_cc,monthly_120,120,1.031601,1.024464,1.044576,0.97 to 1.16,1.057593,12.174465,12.172231,0.065862,0.299983,7.690813,0.338614,423.197964,0.269538
ledoit_wolf_cc,daily_3y,756,1.031973,1.119837,1.100532,0.96 to 1.27,1.060260,12.145197,11.890874,0.084963,0.354939,9.333922,0.376699,542.975971,0.043348
pca_2,monthly_120,120,1.013809,1.026632,1.038214,0.97 to 1.15,1.042531,12.195826,13.297273,0.043683,0.147962,7.473498,0.251450,428.928874,
pca_2,daily_3y,756,1.015592,1.126043,1.099476,0.95 to 1.27,1.053591,12.215801,14.342984,0.066069,0.171164,9.208481,0.283334,387.068845,
