month,ratio,daily autocorrelation,variance ratio (3y),variance ratio (10y)
1979-07,1.748454,0.194835,1.495212,1.630354
1979-08,1.729721,0.197224,1.482732,1.638249
1979-09,1.833338,0.197094,1.552570,1.657422
1979-10,1.799960,0.194424,1.476455,1.653212
1979-11,1.887234,0.221746,1.543113,1.650232
1979-12,1.940592,0.227899,1.565531,1.634629
1980-01,1.858537,0.225700,1.618162,1.652027
1980-02,1.820010,0.214484,1.574677,1.634940
1980-03,1.753338,0.200609,1.571043,1.639192
1980-04,1.968050,0.199991,1.751566,1.665102
1980-05,1.918824,0.191994,1.773833,1.576889
1980-06,1.933437,0.190079,1.788986,1.650702
1980-07,1.873225,0.192076,1.843154,1.674934
1980-08,1.926357,0.188388,1.844189,1.686103
1980-09,1.861400,0.193678,1.808186,1.669750
1980-10,1.778620,0.192488,1.717887,1.656716
1980-11,1.679601,0.183262,1.649744,1.649396
1980-12,1.779796,0.182499,1.636839,1.625436
1981-01,1.758117,0.188758,1.567470,1.605695
1981-02,1.708786,0.186495,1.553627,1.589143
1981-03,1.665698,0.183931,1.570500,1.587483
1981-04,1.638986,0.173521,1.532818,1.580683
1981-05,1.582233,0.173082,1.500714,1.574276
1981-06,1.577794,0.170900,1.506918,1.573072
1981-07,1.579086,0.160469,1.481298,1.572855
1981-08,1.545299,0.164679,1.422194,1.566482
1981-09,1.595354,0.169067,1.402357,1.566841
1981-10,1.631711,0.165752,1.524127,1.604754
1981-11,1.422724,0.163327,1.394012,1.583760
1981-12,1.479088,0.178229,1.450049,1.566690
1982-01,1.537956,0.178364,1.456184,1.557869
1982-02,1.492915,0.181828,1.481846,1.560097
1982-03,1.515104,0.173756,1.470777,1.549827
1982-04,1.445930,0.178300,1.481518,1.555041
1982-05,1.456604,0.182839,1.498341,1.558690
1982-06,1.473594,0.185076,1.496748,1.559800
1982-07,1.444425,0.183199,1.546117,1.572771
1982-08,1.455565,0.185939,1.508204,1.567951
1982-09,1.501902,0.193990,1.442232,1.545478
1982-10,1.494673,0.187018,1.621219,1.616382
1982-11,1.531330,0.174225,1.626282,1.608060
1982-12,1.456139,0.169050,1.595437,1.598144
1983-01,1.426237,0.168008,1.556413,1.588882
1983-02,1.379630,0.164442,1.523373,1.567707
1983-03,1.382536,0.168524,1.325017,1.565809
1983-04,1.203015,0.159810,1.345429,1.569538
1983-05,1.268532,0.160231,1.369239,1.568874
1983-06,1.243799,0.160075,1.351595,1.588884
1983-07,1.244704,0.165425,1.335196,1.590834
1983-08,1.207296,0.164948,1.305133,1.577774
1983-09,1.218814,0.158982,1.335699,1.579551
1983-10,1.247541,0.156212,1.367827,1.573341
1983-11,1.287186,0.164272,1.369400,1.533057
1983-12,1.180951,0.160710,1.395421,1.515533
1984-01,1.199674,0.151513,1.444181,1.548034
1984-02,1.176170,0.149090,1.431163,1.561471
1984-03,1.212204,0.147386,1.500144,1.578706
1984-04,1.200794,0.155293,1.509739,1.560646
1984-05,1.190014,0.150678,1.500501,1.554907
1984-06,1.253293,0.153786,1.515607,1.566327
1984-07,1.245946,0.160817,1.504934,1.531020
1984-08,1.259814,0.159950,1.512019,1.516857
1984-09,1.327811,0.168647,1.397194,1.478268
1984-10,1.272670,0.164644,1.438196,1.504552
1984-11,1.264799,0.161237,1.457491,1.520670
1984-12,1.268674,0.159105,1.472843,1.502110
1985-01,1.234783,0.157545,1.398559,1.496080
1985-02,1.332721,0.156781,1.437498,1.463622
1985-03,1.265975,0.157907,1.459127,1.484813
1985-04,1.275424,0.154114,1.469532,1.498359
1985-05,1.286692,0.151917,1.474344,1.489990
1985-06,1.277323,0.151002,1.373332,1.494661
1985-07,1.257188,0.148420,1.385960,1.495311
1985-08,1.229848,0.143525,1.332660,1.452221
1985-09,1.139916,0.133685,1.189793,1.469521
1985-10,1.227317,0.142500,1.109187,1.476184
1985-11,1.109615,0.140932,1.121737,1.489778
1985-12,1.269385,0.143030,1.294559,1.503343
1986-01,1.328861,0.149406,1.342085,1.470287
1986-02,1.360831,0.163000,1.383864,1.454260
1986-03,1.498147,0.172727,1.453449,1.475009
1986-04,1.541100,0.172194,1.515178,1.496130
1986-05,1.418852,0.181872,1.429857,1.486879
1986-06,1.465308,0.179566,1.432770,1.485121
1986-07,1.454689,0.165747,1.437789,1.480284
1986-08,1.533223,0.171994,1.410701,1.472679
1986-09,1.618470,0.180360,1.461543,1.479064
1986-10,1.740551,0.186543,1.462937,1.468977
1986-11,1.754750,0.182148,1.480097,1.481389
1986-12,1.717081,0.190026,1.454410,1.473767
1987-01,1.719783,0.185333,1.433994,1.467283
1987-02,1.983146,0.181964,1.316880,1.477192
1987-03,1.956167,0.184389,1.395442,1.489415
1987-04,1.937948,0.186215,1.390109,1.484370
1987-05,1.848370,0.185536,1.334964,1.472180
1987-06,1.676398,0.184446,1.262195,1.461472
1987-07,1.713347,0.179711,1.281123,1.468582
1987-08,1.687557,0.177140,1.185921,1.464999
1987-09,1.554567,0.161022,1.240811,1.468170
1987-10,1.542956,0.159394,1.244789,1.460052
1987-11,1.291314,0.145044,0.952875,1.260123
1987-12,1.297970,0.143916,1.185809,1.355594
1988-01,1.282465,0.137753,1.156139,1.333889
1988-02,1.179803,0.126527,1.095605,1.314499
1988-03,1.187357,0.127291,1.098515,1.316103
1988-04,1.190519,0.128437,1.104518,1.311995
1988-05,1.164056,0.128340,1.089122,1.296048
1988-06,1.136821,0.124868,1.083753,1.293321
1988-07,1.142283,0.123788,1.091071,1.294364
1988-08,1.135487,0.122009,1.080152,1.274721
1988-09,1.143336,0.121532,1.075073,1.275370
1988-10,1.125962,0.117996,1.073141,1.269190
1988-11,1.111330,0.115926,1.051618,1.237502
1988-12,1.089739,0.115342,1.049239,1.254645
1989-01,1.086735,0.114734,1.054843,1.258405
1989-02,1.117434,0.113986,1.043520,1.258929
1989-03,1.086756,0.113480,1.026721,1.260901
1989-04,1.072297,0.113317,1.023060,1.257666
1989-05,1.092394,0.110172,1.038455,1.256550
1989-06,1.087965,0.109504,1.043485,1.258474
1989-07,1.091261,0.110699,1.039278,1.258093
1989-08,1.096193,0.107360,1.038093,1.252739
1989-09,1.073806,0.105737,1.008181,1.253955
1989-10,1.023077,0.099877,1.018810,1.237749
1989-11,0.994120,0.093346,0.987907,1.217175
1989-12,1.002096,0.090111,1.010182,1.221952
1990-01,0.987008,0.094060,0.976188,1.218314
1990-02,0.920728,0.090741,0.961293,1.217777
1990-03,0.908826,0.090166,0.969328,1.167709
1990-04,0.915008,0.088037,0.967121,1.169617
1990-05,0.940626,0.088633,0.986298,1.172763
1990-06,1.012573,0.086931,0.995272,1.167123
1990-07,0.997421,0.088109,1.001483,1.167017
1990-08,0.982874,0.088247,0.970545,1.163004
1990-09,1.023175,0.098385,1.010573,1.186379
1990-10,1.045203,0.091952,0.770391,1.198075
1990-11,1.044783,0.071117,0.914707,1.193217
1990-12,1.053989,0.081649,0.943549,1.191847
1991-01,1.069697,0.087302,0.971243,1.205989
1991-02,1.161548,0.117377,1.030016,1.194827
1991-03,1.196402,0.108033,1.231103,1.240675
1991-04,1.184874,0.104332,1.251598,1.248593
1991-05,1.209135,0.097410,1.260096,1.243401
1991-06,1.237295,0.091734,1.237780,1.243242
1991-07,1.277872,0.100206,1.248799,1.236323
1991-08,1.310504,0.101797,1.249152,1.236468
1991-09,1.263059,0.102109,1.225538,1.184401
1991-10,1.266495,0.106252,1.228877,1.193451
1991-11,1.271463,0.116042,1.199040,1.195799
1991-12,1.278555,0.110613,1.184556,1.194306
1992-01,1.442598,0.120710,1.185168,1.177544
1992-02,1.390571,0.116359,1.270523,1.202462
1992-03,1.374583,0.113434,1.269462,1.192371
1992-04,1.407675,0.116128,1.277324,1.193850
1992-05,1.355864,0.121600,1.245310,1.189605
1992-06,1.342133,0.118462,1.235934,1.168536
1992-07,1.360723,0.119500,1.247894,1.171826
1992-08,1.294982,0.120351,1.224935,1.160485
1992-09,1.317249,0.124736,1.240748,1.121468
1992-10,1.309355,0.120100,1.227285,1.100642
1992-11,1.368848,0.135603,1.280527,1.101176
1992-12,1.399021,0.136302,1.303183,1.123619
1993-01,1.416082,0.131900,1.296625,1.129324
1993-02,1.318485,0.138373,1.282004,1.139501
1993-03,1.304680,0.144451,1.272352,1.137220
1993-04,1.308669,0.143810,1.266247,1.134527
1993-05,1.300184,0.142959,1.249329,1.128555
1993-06,1.185776,0.141280,1.223373,1.129404
1993-07,1.193391,0.138310,1.232820,1.131205
1993-08,1.197521,0.136690,1.014871,1.128589
1993-09,1.080504,0.110801,1.039630,1.132165
1993-10,0.986381,0.115008,0.986548,1.131332
1993-11,1.058758,0.098394,1.056522,1.128029
1993-12,1.046870,0.093928,1.068678,1.126220
1994-01,1.058901,0.098667,1.050244,1.126799
1994-02,1.109677,0.074377,0.738672,1.098245
1994-03,1.054838,0.083162,0.725027,1.101519
1994-04,1.156448,0.098178,0.733787,1.104573
1994-05,1.158875,0.082241,0.806893,1.110342
1994-06,1.146715,0.088513,0.816813,1.102204
1994-07,1.093981,0.095098,0.826384,1.103132
1994-08,1.081024,0.093424,0.840534,1.081983
1994-09,1.175068,0.090728,0.896103,1.091394
1994-10,1.182825,0.095079,0.898187,1.090489
1994-11,1.182613,0.093625,0.892349,1.090967
1994-12,1.230577,0.114847,0.886487,1.089622
1995-01,0.825287,0.089070,0.693034,1.088971
1995-02,0.848164,0.104861,0.724992,1.075452
1995-03,0.907330,0.115684,0.755656,1.077146
1995-04,0.881552,0.110602,0.748050,1.078788
1995-05,0.946624,0.109148,0.801636,1.079700
1995-06,0.965076,0.114439,0.782296,1.077678
1995-07,0.945612,0.111937,0.795454,1.078094
1995-08,0.939147,0.112517,0.822694,1.076081
1995-09,0.900306,0.105126,0.826220,1.072102
1995-10,0.945158,0.118228,0.846086,1.073998
1995-11,0.980548,0.127657,0.827299,1.062865
1995-12,0.974477,0.130685,0.801861,1.056643
1996-01,0.948560,0.113455,0.798725,1.057551
1996-02,0.921087,0.110595,0.768256,1.047575
1996-03,0.935597,0.108432,0.885355,1.046514
1996-04,0.897068,0.094457,0.834109,1.042686
1996-05,0.833954,0.095308,0.825828,1.046199
1996-06,0.819711,0.100889,0.837111,1.047293
1996-07,0.833041,0.102469,0.868269,1.046980
1996-08,0.937118,0.121719,0.952256,1.052481
1996-09,0.890762,0.128070,0.964150,1.036031
1996-10,0.949248,0.129418,0.971418,1.043065
1996-11,0.942561,0.126021,0.986931,1.046015
1996-12,1.028320,0.129341,1.022927,1.054227
1997-01,1.014745,0.133950,0.999855,1.034458
1997-02,1.035217,0.134935,0.994661,1.026473
1997-03,0.984118,0.145670,0.981021,1.023026
1997-04,0.966368,0.143408,0.874538,1.018673
1997-05,0.968452,0.164362,0.969252,1.036300
1997-06,1.028241,0.161560,1.084273,1.057803
1997-07,0.963100,0.151837,1.079908,1.062879
1997-08,1.029181,0.149004,1.083445,1.056277
1997-09,1.065287,0.145420,1.048203,1.047979
1997-10,1.029913,0.133054,1.005956,0.891797
1997-11,0.932944,0.058677,0.852581,0.952790
1997-12,0.826891,0.058675,0.831962,0.965429
1998-01,0.803049,0.069772,0.818895,0.964511
1998-02,0.773452,0.075498,0.795111,0.988931
1998-03,0.819123,0.071599,0.832586,1.002455
1998-04,0.826360,0.064188,0.846539,1.010460
1998-05,0.807484,0.071556,0.833100,1.013174
1998-06,0.845944,0.075130,0.841779,1.007201
1998-07,0.828265,0.076243,0.840326,1.008771
1998-08,0.836569,0.067940,0.845829,1.006696
1998-09,1.213662,0.105790,0.888795,1.009211
1998-10,1.096677,0.033842,0.888663,1.000635
1998-11,1.052469,0.051754,0.844853,0.966936
1998-12,1.053908,0.054627,0.973314,1.033320
1999-01,1.058589,0.046936,0.949227,1.021402
1999-02,1.038230,0.047365,0.930269,1.016257
1999-03,1.046487,0.034599,0.909426,1.004017
1999-04,1.036213,0.037580,0.906933,0.996789
1999-05,1.023217,0.042055,0.893897,0.988032
1999-06,1.015536,0.029665,0.876086,0.977013
1999-07,1.002429,0.035035,0.820354,0.974111
1999-08,0.978968,0.029541,0.828863,0.972007
1999-09,0.970011,0.030259,0.869596,0.985730
1999-10,0.957899,0.024011,0.863247,0.980317
1999-11,0.939038,0.031731,0.839684,0.975204
1999-12,0.909005,0.026951,0.876279,0.999437
2000-01,0.932712,0.023345,0.878843,0.991437
2000-02,0.915877,0.023073,0.843953,0.958586
2000-03,0.900204,0.017770,0.830426,0.953791
2000-04,0.848371,0.021336,0.780679,0.938812
2000-05,0.817267,0.013045,0.719529,0.904119
2000-06,0.783759,0.012981,0.708952,0.889005
2000-07,0.773680,0.012093,0.697460,0.885070
2000-08,0.741354,0.010143,0.684752,0.824792
2000-09,0.754535,0.011252,0.693325,0.825392
2000-10,0.770890,0.009454,0.692343,0.813390
2000-11,0.765352,0.026439,0.737258,0.831043
2000-12,0.850568,0.025024,0.734387,0.823034
2001-01,0.813722,0.024081,0.730941,0.812107
2001-02,0.795539,0.008246,0.697073,0.752217
2001-03,0.828634,0.010892,0.693188,0.757354
2001-04,0.814540,0.007743,0.744808,0.798511
2001-05,0.817710,0.006038,0.753049,0.799534
2001-06,0.803376,0.004669,0.786174,0.818092
2001-07,0.799482,0.005819,0.782804,0.821710
2001-08,0.792213,0.007456,0.740209,0.820026
2001-09,0.675383,0.006929,0.733259,0.824480
2001-10,0.714305,0.022103,0.830928,0.859586
2001-11,0.696178,0.018986,0.785490,0.873329
2001-12,0.712225,0.019268,0.793184,0.873326
2002-01,0.687820,0.025139,0.777783,0.850472
2002-02,0.684126,0.020224,0.780921,0.847634
2002-03,0.679860,0.025899,0.785076,0.847720
2002-04,0.687165,0.026972,0.793083,0.847227
2002-05,0.691703,0.017407,0.795774,0.850963
2002-06,0.685385,0.023998,0.788986,0.841766
2002-07,0.686505,0.016743,0.786724,0.851848
2002-08,0.661022,0.032409,0.794503,0.871127
2002-09,0.636185,0.033271,0.809276,0.871856
2002-10,0.670639,0.029906,0.813630,0.872816
2002-11,0.664163,0.009411,0.769413,0.862833
2002-12,0.671517,0.009665,0.791882,0.868279
2003-01,0.638577,0.003783,0.781372,0.865225
2003-02,0.636898,-0.000136,0.784605,0.853609
2003-03,0.633017,-0.000043,0.778755,0.868828
2003-04,0.596168,-0.009645,0.773667,0.857552
2003-05,0.675313,-0.008546,0.827835,0.860365
2003-06,0.721890,-0.008150,0.866280,0.866260
2003-07,0.715088,-0.008210,0.901251,0.873021
2003-08,0.725950,-0.010674,0.905692,0.869004
2003-09,0.689999,-0.012453,0.898444,0.867363
2003-10,0.679287,-0.011716,0.885407,0.867510
2003-11,0.735873,-0.014025,0.919042,0.865413
2003-12,0.688759,-0.014040,0.924076,0.864714
2004-01,0.734533,-0.023523,0.961063,0.864430
2004-02,0.757347,-0.009957,0.994973,0.868493
2004-03,0.702951,-0.012789,0.926289,0.868586
2004-04,0.691770,-0.007025,0.917446,0.859592
2004-05,0.685294,-0.009710,0.914055,0.860328
2004-06,0.693107,-0.008436,0.923363,0.862752
2004-07,0.698003,-0.012385,0.926906,0.862475
2004-08,0.719967,-0.015767,0.945992,0.863654
2004-09,0.686090,-0.012500,0.810517,0.862640
2004-10,0.650735,-0.028761,0.839427,0.863532
2004-11,0.659068,-0.033864,0.839468,0.861937
2004-12,0.632634,-0.032966,0.863859,0.864508
2005-01,0.648789,-0.036781,0.876396,0.865227
2005-02,0.661172,-0.031222,0.873767,0.863675
2005-03,0.667523,-0.032618,0.870996,0.862539
2005-04,0.666922,-0.034746,0.873026,0.861667
2005-05,0.645444,-0.036906,0.872243,0.859534
2005-06,0.671741,-0.037044,0.850215,0.859204
2005-07,0.628696,-0.038707,0.698464,0.857765
2005-08,0.639537,-0.080947,0.716165,0.858777
2005-09,0.717600,-0.103322,0.708367,0.856232
2005-10,0.583301,-0.092529,0.671171,0.855148
2005-11,0.610340,-0.071745,0.710852,0.855177
2005-12,0.619744,-0.073167,0.763202,0.858049
2006-01,0.555255,-0.065176,0.782342,0.859078
2006-02,0.570894,-0.066145,0.692895,0.851746
2006-03,0.572752,-0.066181,0.699110,0.852326
2006-04,0.643348,-0.053018,0.738660,0.854530
2006-05,0.553149,-0.051129,0.713188,0.853324
2006-06,0.545702,-0.052011,0.672550,0.852410
2006-07,0.542566,-0.036610,0.716915,0.843138
2006-08,0.543305,-0.024848,0.712212,0.840818
2006-09,0.548142,-0.023957,0.694718,0.841718
2006-10,0.559245,-0.008771,0.717513,0.839168
2006-11,0.510158,-0.010488,0.745303,0.838122
2006-12,0.517768,-0.009543,0.741003,0.836654
2007-01,0.487108,-0.004387,0.697993,0.836772
2007-02,0.487731,-0.002003,0.701511,0.835735
2007-03,0.494403,-0.001068,0.666346,0.832859
2007-04,0.490488,-0.004845,0.700794,0.827727
2007-05,0.508067,-0.009838,0.697342,0.817628
2007-06,0.532567,-0.022525,0.702881,0.814401
2007-07,0.542137,-0.021289,0.658585,0.808475
2007-08,0.512652,-0.020045,0.604744,0.804247
2007-09,0.469870,-0.053866,0.640001,0.805467
2007-10,0.469468,-0.052755,0.638723,0.804145
2007-11,0.467016,-0.064132,0.610435,0.817561
2007-12,0.452362,-0.097327,0.610826,0.818006
2008-01,0.420635,-0.091669,0.586695,0.817276
2008-02,0.459350,-0.098143,0.668692,0.819757
2008-03,0.456016,-0.078483,0.652655,0.810366
2008-04,0.406985,-0.104558,0.599518,0.797560
2008-05,0.416864,-0.089520,0.608333,0.799412
2008-06,0.398538,-0.091676,0.602630,0.798041
2008-07,0.503568,-0.097145,0.602845,0.794213
2008-08,0.455211,-0.105214,0.650221,0.785528
2008-09,0.438994,-0.108969,0.639312,0.780478
2008-10,0.431473,-0.170239,0.517247,0.759238
2008-11,0.469638,-0.117515,0.665324,0.760520
2008-12,0.392436,-0.094708,0.561962,0.713283
2009-01,0.357651,-0.117979,0.545493,0.695046
2009-02,0.353986,-0.128174,0.529300,0.685788
2009-03,0.375379,-0.124325,0.524620,0.684522
2009-04,0.386224,-0.123783,0.543473,0.688081
2009-05,0.427007,-0.119664,0.616633,0.719191
2009-06,0.429753,-0.126172,0.624583,0.723390
2009-07,0.428423,-0.124351,0.630091,0.720096
2009-08,0.454817,-0.121038,0.637842,0.717765
2009-09,0.453926,-0.120156,0.665772,0.731970
2009-10,0.458334,-0.117381,0.666530,0.734860
2009-11,0.448394,-0.118131,0.659433,0.723811
2009-12,0.458567,-0.118160,0.655820,0.721081
2010-01,0.462350,-0.117897,0.659487,0.721295
2010-02,0.461237,-0.117226,0.659164,0.727143
2010-03,0.464750,-0.117227,0.659430,0.723318
2010-04,0.483194,-0.116717,0.673725,0.733677
2010-05,0.477676,-0.116751,0.674011,0.744748
2010-06,0.478660,-0.118099,0.670927,0.747617
2010-07,0.479777,-0.113790,0.667999,0.747274
2010-08,0.494393,-0.111198,0.658918,0.747581
2010-09,0.503373,-0.109131,0.668357,0.747151
2010-10,0.535824,-0.107490,0.673974,0.741786
2010-11,0.540427,-0.107749,0.675142,0.753494
2010-12,0.540133,-0.104062,0.685411,0.752648
2011-01,0.561870,-0.104903,0.673873,0.763500
2011-02,0.554488,-0.105846,0.681422,0.766372
2011-03,0.557219,-0.107363,0.683067,0.745377
2011-04,0.567045,-0.102728,0.690784,0.740380
2011-05,0.566231,-0.102491,0.695285,0.739045
2011-06,0.567380,-0.100831,0.689846,0.738747
2011-07,0.540129,-0.100147,0.673435,0.738386
2011-08,0.546149,-0.096846,0.680813,0.741121
2011-09,0.526488,-0.110283,0.685525,0.709023
2011-10,0.543700,-0.081331,0.525686,0.705492
2011-11,0.563160,-0.096006,0.595778,0.702390
2011-12,0.606358,-0.108428,0.672507,0.699651
2012-01,0.667626,-0.092382,0.726599,0.700142
2012-02,0.667026,-0.074777,0.733906,0.703502
2012-03,0.611897,-0.086839,0.675208,0.705945
2012-04,0.663797,-0.072557,0.655135,0.705824
2012-05,0.640700,-0.072408,0.662723,0.704319
2012-06,0.705332,-0.058651,0.704870,0.700980
2012-07,0.708900,-0.064160,0.694287,0.669825
2012-08,0.683971,-0.064200,0.655384,0.672419
2012-09,0.692132,-0.068318,0.658128,0.672455
2012-10,0.689902,-0.072343,0.663116,0.667888
2012-11,0.703827,-0.064191,0.684720,0.670580
2012-12,0.685764,-0.062158,0.696334,0.675653
2013-01,0.680618,-0.061580,0.692879,0.678135
2013-02,0.688714,-0.059485,0.691533,0.673267
2013-03,0.690234,-0.064876,0.675410,0.673074
2013-04,0.672398,-0.066557,0.669999,0.676999
2013-05,0.672084,-0.067485,0.612141,0.671465
2013-06,0.641839,-0.066493,0.636934,0.669649
2013-07,0.620782,-0.072108,0.651010,0.670268
2013-08,0.628758,-0.076167,0.658317,0.675177
2013-09,0.617308,-0.075144,0.653225,0.674057
2013-10,0.560566,-0.072787,0.657002,0.677205
2013-11,0.561591,-0.065606,0.652417,0.677547
2013-12,0.569948,-0.066863,0.655790,0.678809
2014-01,0.538903,-0.069323,0.651011,0.674732
2014-02,0.560231,-0.070012,0.649700,0.675034
2014-03,0.566682,-0.070451,0.649023,0.673700
2014-04,0.573919,-0.071642,0.667417,0.677416
2014-05,0.566392,-0.068321,0.661821,0.673563
2014-06,0.563231,-0.069878,0.635946,0.673322
2014-07,0.567656,-0.072648,0.647972,0.672949
2014-08,0.572897,-0.078003,0.433121,0.670042
2014-09,0.676845,-0.009201,0.552184,0.670917
2014-10,0.628836,-0.053633,0.567496,0.671591
2014-11,0.511708,-0.043055,0.606164,0.669469
2014-12,0.595268,-0.035463,0.735722,0.676424
2015-01,0.614292,-0.002452,0.725389,0.672990
2015-02,0.610348,-0.000394,0.691748,0.671561
2015-03,0.638650,0.000448,0.698089,0.672864
2015-04,0.641528,-0.006941,0.690017,0.669753
2015-05,0.650481,-0.010648,0.659359,0.670751
2015-06,0.529143,-0.022991,0.615608,0.669726
2015-07,0.569660,-0.012796,0.645552,0.668481
2015-08,0.575560,-0.019375,0.651004,0.667298
2015-09,0.628163,0.047605,0.634097,0.664670
2015-10,0.622043,0.023688,0.661488,0.663619
2015-11,0.685536,0.020496,0.639786,0.664752
2015-12,0.696924,0.015746,0.649621,0.664617
2016-01,0.697892,0.005207,0.620610,0.662308
2016-02,0.699242,-0.008969,0.691817,0.670066
2016-03,0.682112,0.007028,0.703426,0.671493
2016-04,0.721180,0.007847,0.756679,0.679094
2016-05,0.731697,0.013583,0.746806,0.678128
2016-06,0.725464,0.012453,0.738911,0.674203
2016-07,0.707679,0.019441,0.711273,0.673710
2016-08,0.681694,0.016466,0.716081,0.677830
2016-09,0.668495,0.014021,0.714362,0.678246
2016-10,0.641913,-0.000368,0.697943,0.675510
2016-11,0.645365,-0.004717,0.697273,0.675644
2016-12,0.663243,0.002498,0.706634,0.676763
2017-01,0.660315,0.002659,0.726123,0.680098
2017-02,0.642725,0.001239,0.724521,0.680022
2017-03,0.642334,0.003774,0.725347,0.679730
2017-04,0.648092,0.001832,0.732446,0.680143
2017-05,0.659617,-0.004416,0.749553,0.679696
2017-06,0.658946,-0.003278,0.739087,0.679682
2017-07,0.651318,-0.008788,0.736413,0.680732
2017-08,0.645686,-0.005913,0.738550,0.674434
2017-09,0.621778,-0.004339,0.729129,0.679243
2017-10,0.617123,-0.000622,0.692727,0.679872
2017-11,0.649698,0.000176,0.680665,0.674943
2017-12,0.653467,-0.002051,0.673185,0.681555
2018-01,0.674455,-0.011141,0.697199,0.669677
2018-02,0.706739,-0.008227,0.736908,0.676328
2018-03,0.635994,0.001061,0.700171,0.672715
2018-04,0.626765,0.002200,0.703529,0.678453
2018-05,0.606920,-0.005212,0.702399,0.680491
2018-06,0.613247,-0.008071,0.704155,0.676765
2018-07,0.606157,-0.010353,0.708640,0.663990
2018-08,0.620506,-0.013246,0.675003,0.669076
2018-09,0.591812,-0.082667,0.669167,0.663846
2018-10,0.600865,-0.063050,0.701598,0.562721
2018-11,0.629718,-0.063391,0.746490,0.624734
2018-12,0.605907,-0.051349,0.734487,0.678295
2019-01,0.741316,-0.037084,0.646697,0.715953
2019-02,0.781785,-0.029221,0.715134,0.727301
2019-03,0.824336,-0.033489,0.735425,0.705708
2019-04,0.756173,-0.039728,0.728582,0.693268
2019-05,0.781273,-0.036456,0.741120,0.699467
2019-06,0.894702,-0.034213,0.748749,0.713307
2019-07,1.004560,-0.039923,0.776998,0.711719
2019-08,0.987845,-0.038273,0.794904,0.697383
2019-09,0.930153,-0.048571,0.774939,0.696234
2019-10,0.946381,-0.037553,0.795954,0.700013
2019-11,0.912697,-0.035544,0.772966,0.708621
2019-12,0.911412,-0.039729,0.776325,0.715411
2020-01,0.917227,-0.037754,0.780838,0.713429
2020-02,0.907552,-0.040330,0.773917,0.708801
2020-03,0.969991,0.005007,0.733048,0.695742
2020-04,0.574892,-0.286734,0.759622,0.713411
2020-05,0.639816,-0.281580,0.832311,0.730488
2020-06,0.636121,-0.272659,0.849635,0.746819
2020-07,0.610212,-0.264184,0.846806,0.753445
2020-08,0.621065,-0.265222,0.846785,0.754760
2020-09,0.647326,-0.265161,0.861545,0.758920
2020-10,0.641265,-0.260954,0.841921,0.751401
2020-11,0.632582,-0.260509,0.834606,0.748593
2020-12,0.698786,-0.252179,0.833237,0.749782
2021-01,0.706504,-0.252315,0.842537,0.757951
2021-02,0.688078,-0.252402,0.826799,0.755972
2021-03,0.690165,-0.262049,0.838518,0.753567
2021-04,0.686950,-0.260872,0.831897,0.751743
2021-05,0.700021,-0.260949,0.848382,0.756017
2021-06,0.694662,-0.257848,0.844873,0.747352
2021-07,0.695823,-0.257900,0.844753,0.749602
2021-08,0.691691,-0.257591,0.841845,0.695256
2021-09,0.688913,-0.256125,0.840868,0.736757
2021-10,0.705003,-0.252328,0.811480,0.742415
2021-11,0.683683,-0.260453,0.815735,0.750155
2021-12,0.697385,-0.268161,0.786622,0.769158
2022-01,0.637044,-0.279603,0.794046,0.767968
2022-02,0.645588,-0.269280,0.804788,0.769135
2022-03,0.638223,-0.258854,0.802440,0.766690
2022-04,0.625233,-0.247385,0.798530,0.763656
2022-05,0.669409,-0.245394,0.788792,0.759404
2022-06,0.606188,-0.242970,0.815845,0.770012
2022-07,0.614909,-0.227684,0.796776,0.766642
2022-08,0.644062,-0.224904,0.786855,0.769878
2022-09,0.654171,-0.220851,0.816537,0.778479
2022-10,0.695970,-0.213284,0.841455,0.793748
2022-11,0.701265,-0.209050,0.840499,0.789933
2022-12,0.682682,-0.206797,0.824834,0.783514
2023-01,0.698757,-0.202788,0.822327,0.781486
2023-02,0.709986,-0.201332,0.817246,0.781598
2023-03,0.683762,-0.215122,0.550213,0.783960
2023-04,0.889275,-0.052845,0.708409,0.784897
2023-05,0.859650,-0.025233,0.744523,0.783962
2023-06,0.868955,-0.024515,0.722609,0.781149
2023-07,0.942785,-0.019455,0.764314,0.784560
2023-08,0.933278,-0.012291,0.755514,0.783662
2023-09,0.897129,-0.011826,0.747756,0.784331
2023-10,0.947707,-0.005760,0.767346,0.784361
2023-11,0.971573,0.008931,0.779795,0.788112
2023-12,0.914375,0.002806,0.775755,0.792903
2024-01,0.910928,0.003284,0.786213,0.796823
2024-02,0.921884,0.010813,0.789523,0.795642
2024-03,0.941847,0.007456,0.803465,0.795397
2024-04,0.958416,0.010840,0.805395,0.796473
2024-05,0.960187,0.010982,0.807036,0.799307
2024-06,0.987182,0.013551,0.823513,0.800224
2024-07,0.987281,0.014421,0.825012,0.800380
2024-08,0.982751,0.014545,0.825311,0.798495
2024-09,0.949944,0.014295,0.815567,0.795395
2024-10,0.923883,0.010738,0.809791,0.786748
2024-11,0.892132,0.009343,0.795547,0.784547
2024-12,0.920738,0.015958,0.792986,0.781920
2025-01,0.936203,0.024436,0.774993,0.782955
2025-02,0.914260,0.012631,0.779873,0.785421
2025-03,0.940717,0.007310,0.781402,0.784626
2025-04,0.999202,-0.009545,0.822210,0.798590
2025-05,0.773932,-0.020635,0.664060,0.769684
2025-06,0.847349,-0.010643,0.749668,0.784690
2025-07,0.829896,-0.027268,0.778723,0.787081
2025-08,0.781213,-0.029283,0.757713,0.785271
2025-09,0.772920,-0.036246,0.683855,0.784562
2025-10,0.685713,-0.038221,0.656850,0.790193
2025-11,0.676364,-0.046465,0.670095,0.787863
2025-12,0.705316,-0.036316,0.692896,0.785473
2026-01,0.649691,-0.039873,0.691660,0.770324
2026-02,0.622977,-0.040582,0.683167,0.772742
2026-03,0.613747,-0.044572,0.655392,0.768144
2026-04,0.669085,-0.043043,0.691367,0.771025
2026-05,0.775274,-0.038419,0.735136,0.779034
2026-06,0.795108,-0.039786,0.760537,0.785929
2026-07,0.751613,-0.045792,0.743241,0.785880
2026-08,0.745308,-0.049780,0.721118,0.784285
