dataset,rule,Sharpe,1/N,difference,p-value,beats 1/N at 5%
Industry,mv,0.042408,0.191124,-0.148716,0.109821,False
Industry,bs,0.053363,0.191124,-0.137761,0.125932,False
Industry,min,0.167791,0.191124,-0.023334,0.651396,False
Industry,vw,0.191323,0.191124,0.000199,0.987633,False
Industry,mv-c,0.174497,0.191124,-0.016628,0.717506,False
Industry,bs-c,0.190302,0.191124,-0.000823,0.984320,False
Industry,min-c,0.209647,0.191124,0.018523,0.587168,False
Industry,g-min-c,0.209912,0.191124,0.018788,0.351326,False
MKT/SMB/HML,mv,0.175691,0.112468,0.063223,0.457538,False
MKT/SMB/HML,bs,0.157502,0.112468,0.045034,0.595334,False
MKT/SMB/HML,min,-0.015143,0.112468,-0.127611,0.000018,False
MKT/SMB/HML,vw,0.191323,0.112468,0.078855,0.043482,True
MKT/SMB/HML,mv-c,0.188668,0.112468,0.076200,0.116018,False
MKT/SMB/HML,bs-c,0.187477,0.112468,0.075009,0.108690,False
MKT/SMB/HML,min-c,-0.009165,0.112468,-0.121633,0.000025,False
MKT/SMB/HML,g-min-c,0.042380,0.112468,-0.070088,0.000134,False
FF-1-factor,mv,0.176232,0.148508,0.027724,0.722258,False
FF-1-factor,bs,0.207777,0.148508,0.059268,0.404960,False
FF-1-factor,min,0.218412,0.148508,0.069904,0.178969,False
FF-1-factor,vw,0.191323,0.148508,0.042815,0.082718,False
FF-1-factor,mv-c,0.151017,0.148508,0.002509,0.914905,False
FF-1-factor,bs-c,0.158796,0.148508,0.010287,0.674126,False
FF-1-factor,min-c,0.181242,0.148508,0.032734,0.171225,False
FF-1-factor,g-min-c,0.164693,0.148508,0.016185,0.155915,False
FF-4-factor,mv,0.101642,0.147884,-0.046243,0.588802,False
FF-4-factor,bs,0.100680,0.147884,-0.047204,0.581279,False
FF-4-factor,min,-0.034249,0.147884,-0.182134,0.036331,False
FF-4-factor,vw,0.191323,0.147884,0.043439,0.095910,False
FF-4-factor,mv-c,0.143282,0.147884,-0.004602,0.869013,False
FF-4-factor,bs-c,0.146177,0.147884,-0.001707,0.956300,False
FF-4-factor,min-c,0.038071,0.147884,-0.109814,0.038289,False
FF-4-factor,g-min-c,0.149108,0.147884,0.001224,0.968963,False
