period,rule,Industry,MKT/SMB/HML,FF-1-factor,FF-4-factor
paper (1973-07 to 2004-11),ew,0.004973,0.004220,0.007286,0.007195
paper (1973-07 to 2004-11),mv,-0.047988,0.004265,-0.659715,0.013293
paper (1973-07 to 2004-11),bs,-0.023755,0.004263,-0.186123,0.013629
paper (1973-07 to 2004-11),min,0.005006,0.004037,0.008816,0.000109
paper (1973-07 to 2004-11),vw,0.004368,0.004368,0.004368,0.004368
paper (1973-07 to 2004-11),mv-c,0.001963,0.003144,0.009022,0.007548
paper (1973-07 to 2004-11),bs-c,0.003141,0.003776,0.008661,0.007487
paper (1973-07 to 2004-11),min-c,0.004704,0.004037,0.006086,0.005220
paper (1973-07 to 2004-11),g-min-c,0.004793,0.003976,0.006750,0.007016
new (2004-12 to 2026-08),ew,0.007322,0.002322,0.006728,0.006061
new (2004-12 to 2026-08),mv,-0.028725,-0.178401,0.012134,-0.004826
new (2004-12 to 2026-08),bs,-0.003235,-0.065914,0.011643,0.003828
new (2004-12 to 2026-08),min,0.005224,-0.000554,0.008400,-0.000115
new (2004-12 to 2026-08),vw,0.007467,0.007467,0.007467,0.007467
new (2004-12 to 2026-08),mv-c,0.008785,0.006224,0.006596,0.005915
new (2004-12 to 2026-08),bs-c,0.008802,0.006057,0.007027,0.005808
new (2004-12 to 2026-08),min-c,0.006563,-0.000423,0.007227,0.000488
new (2004-12 to 2026-08),g-min-c,0.007084,0.000678,0.006983,0.003506
whole (1973-07 to 2026-08),ew,0.005935,0.003444,0.007060,0.006733
whole (1973-07 to 2026-08),mv,-0.040124,-0.072398,-0.384646,0.005914
whole (1973-07 to 2026-08),bs,-0.015367,-0.025132,-0.105165,0.009628
whole (1973-07 to 2026-08),min,0.005096,0.002157,0.008647,0.000017
whole (1973-07 to 2026-08),vw,0.005636,0.005636,0.005636,0.005636
whole (1973-07 to 2026-08),mv-c,0.004751,0.004404,0.008031,0.006882
whole (1973-07 to 2026-08),bs-c,0.005456,0.004709,0.007994,0.006801
whole (1973-07 to 2026-08),min-c,0.005465,0.002210,0.006555,0.003282
whole (1973-07 to 2026-08),g-min-c,0.005731,0.002626,0.006847,0.005579
