,benchmark weight,active weight,beta value,beta profitability,beta investment,beta momentum,contribution to the objective,minimiser weight
Agric,0.00082663,0.00507450,0.36333304,0.02177557,0.37154250,-0.04042991,0.00363446,0.00422673
Food,0.00443048,0.01156415,0.20758791,0.18973184,0.36378386,-0.31690605,0.00513677,0.01676335
Soda,0.00695233,0.00412520,0.17930174,0.23070617,0.22903621,-0.16905014,0.00193882,0.00998855
Beer,0.00390030,-0.00390030,0.22007658,0.20540513,0.37501882,-0.36677356,-0.00169167,0.00325038
Smoke,0.00578766,-0.00578766,0.30494577,0.29098904,0.32063035,-0.00537134,-0.00527368,0.00000000
Toys,0.00054324,-0.00054324,-0.11857261,0.23271639,0.37813074,-0.29660514,-0.00010629,0.00228707
Fun,0.00723153,-0.00208403,-0.22089668,-0.02071531,0.06625978,-0.14250775,0.00066243,0.00726730
Books,0.00051723,-0.00051723,0.05473360,0.22979388,0.04096072,-0.24897824,-0.00003957,0.00019462
Hshld,0.00885136,0.00067148,0.09030983,0.29792697,0.29165677,-0.21863589,0.00030973,0.00571197
Clths,0.00231660,-0.00136026,-0.21903064,0.44138003,0.40007507,-0.35668217,-0.00036148,0.00016844
Hlth,0.00658257,-0.00658257,0.16159950,0.11125889,0.09132840,-0.12251382,-0.00159083,0.00496788
MedEq,0.01234343,-0.00472892,-0.07725323,0.07735576,0.20321501,-0.28020777,0.00036361,0.01424508
Drugs,0.05903254,-0.00834325,-0.07274313,-0.13046023,0.29927059,-0.20174148,0.00088167,0.06130477
Chems,0.00565486,-0.00565486,0.30361367,0.06963156,0.32728834,-0.18795220,-0.00289858,0.00999699
Rubbr,0.00072071,-0.00072071,0.14053605,0.12803377,0.18723854,-0.09454298,-0.00026037,0.00000000
Txtls,0.00016539,-0.00016539,0.41570867,0.30668470,0.26247776,-0.10615535,-0.00014533,0.00000000
BldMt,0.00432609,0.01213890,0.32468865,0.33932251,0.29666523,0.11360495,0.01304059,0.00000000
Cnstr,0.00644410,0.00543006,0.06792885,0.10119833,0.30014648,0.51108059,0.00532338,0.00796482
Steel,0.00423823,0.00129060,0.53246726,-0.05745664,0.07788400,0.31214288,0.00111641,0.00506114
FabPr,0.00010582,0.00512330,0.19644084,0.18804984,0.39578394,0.15391418,0.00478613,0.00268945
Mach,0.02816669,0.00745088,0.30909835,-0.22277322,0.27929635,0.46347561,0.00617750,0.02970345
ElcEq,0.00345991,-0.00345991,0.28082993,-0.61894185,-0.02832960,0.43771569,-0.00024660,0.00332268
Autos,0.02198028,-0.00771871,0.02778836,-0.40427811,-0.53262473,-0.16420077,0.00828461,0.02078089
Aero,0.01760135,-0.00692796,0.17515923,-0.01185598,0.01912780,0.07107323,-0.00175627,0.01979776
Ships,0.00094748,0.01267007,0.36082715,0.23115719,0.26432709,0.23223651,0.01379197,0.00167670
Guns,0.00313988,-0.00313988,-0.04488616,-0.36560141,-0.28209437,0.01325557,0.00213300,0.00000000
Gold,0.00181333,-0.00156570,0.24716591,-0.99323582,0.20835523,0.14096639,0.00062119,0.00300476
Mines,0.00465759,-0.00067520,0.17451777,-0.30156444,0.18762966,0.27589045,-0.00022719,0.00317369
Coal,0.00018765,-0.00009383,0.50221661,0.15985102,-0.06541046,0.29814757,-0.00008396,0.00009383
Oil,0.02959826,-0.01479913,0.70847173,0.23741534,0.15670191,-0.20162382,-0.01333350,0.01479913
Util,0.02548647,-0.01274324,0.37204508,-0.02166722,0.32288776,0.01868135,-0.00881764,0.01274324
Telcm,0.01438403,0.01288100,0.38635404,0.07483061,0.24893057,-0.20159305,0.00655028,0.02188040
PerSv,0.00255741,0.01224204,0.10315027,0.33412787,0.24086615,-0.16165993,0.00632282,0.00249542
BusSv,0.02333868,-0.02000000,0.14155631,0.01754243,-0.03060647,-0.41185226,0.00566720,0.01928496
Hardw,0.01690325,0.00045739,-0.03378866,-0.36008239,0.22240820,0.42757815,0.00011715,0.01960006
Softw,0.17409001,-0.02000000,-0.46391929,0.04130452,-0.60782791,-0.21368850,0.02488262,0.17299153
Chips,0.21544006,0.02000000,-0.47244343,0.13373967,0.48693806,0.42246945,0.01141407,0.21455841
LabEq,0.01695937,-0.01695937,0.13288897,-0.46237633,0.30485389,0.00815625,0.00027944,0.01405249
Paper,0.00127455,-0.00127455,0.23808831,0.22594355,0.49184550,-0.23466252,-0.00091922,0.00000000
Boxes,0.00099324,0.00800743,0.35323296,0.29223093,0.48726294,-0.16265672,0.00776777,0.00000000
Trans,0.01673879,-0.01273863,0.25877062,0.07606138,0.14268460,-0.16324553,-0.00400338,0.01254309
Whlsl,0.01033574,0.02000000,0.20725189,0.35888709,0.16742078,0.04283657,0.01552793,0.01318000
Rtail,0.08197965,-0.01102851,-0.17787593,0.34384656,-0.31616008,-0.11795835,0.00295727,0.08329477
Meals,0.01109437,0.00458901,0.03153065,0.22871906,0.26468672,-0.17118878,0.00162335,0.00957212
Banks,0.05813366,0.02000000,0.88971259,-0.05598580,-0.07386203,-0.05624365,0.01407242,0.05962989
Insur,0.02576745,-0.00376883,0.40451385,0.04387054,0.06585925,-0.20245777,-0.00117507,0.02782671
RlEst,0.00126057,-0.00126057,0.13725849,-0.01463070,0.24113868,-0.24708432,-0.00014709,0.00000001
Fin,0.03007499,-0.00334969,0.49605181,-0.23629464,-0.05430467,-0.03417668,-0.00057372,0.03424630
Other,0.02066415,0.01817614,0.46738480,0.11220311,0.08462618,-0.13872366,0.00955139,0.02965917
