month,variant,incidental,after one capped rebalance,stationary,share of the distance in one step,distance to the stationary portfolio (one-way turnover),step turnover,step forecast TE (bp),budget met in the step
1979-07,"sample, daily 3y",-0.11509816,-0.05961771,0.16346718,0.19916495,0.30401332,0.02000000,57.38138831,True
1979-07,"ledoit_wolf, daily 3y",-0.11568969,-0.05998494,0.16094789,0.20136363,0.29900171,0.02000000,59.13118687,True
1979-07,"factor, daily 3y",-0.09866633,-0.04393341,0.16852901,0.20484237,0.30029868,0.02000001,52.47274519,True
1979-07,"pca, daily 3y",-0.13255274,-0.07536415,0.16694457,0.19094857,0.31950634,0.02000000,52.40407765,True
1979-07,"sample, monthly 120",-0.10600468,-0.06322166,-0.02201113,0.50936081,0.06845406,0.02000001,98.31104110,True
2004-11,"sample, daily 3y",-0.01480076,0.04309530,0.13108737,0.39685241,0.11140320,0.02000000,73.14286289,True
2004-11,"ledoit_wolf, daily 3y",-0.01505606,0.04286395,0.12941561,0.40090913,0.10935397,0.02000000,73.76467515,True
2004-11,"factor, daily 3y",-0.00694496,0.04848162,0.14754499,0.35877143,0.09746803,0.02000000,72.23780507,True
2004-11,"pca, daily 3y",-0.01244282,0.04563758,0.15302648,0.35100406,0.12042148,0.02000000,73.86188684,True
2004-11,"sample, monthly 120",0.00462733,0.06321261,0.16975297,0.35479213,0.16079492,0.02000000,63.82919499,True
2026-08,"sample, daily 3y",-0.00245283,0.04305834,0.13128455,0.34030255,0.14793038,0.02000001,60.34855067,True
2026-08,"ledoit_wolf, daily 3y",-0.00315267,0.04223827,0.12844384,0.34492510,0.14196390,0.02000001,61.37274868,True
2026-08,"factor, daily 3y",-0.00459743,0.04019666,0.12782949,0.33825516,0.12467130,0.02000000,61.79709961,True
2026-08,"pca, daily 3y",-0.00862662,0.03655194,0.14080581,0.30233441,0.15822721,0.02000000,64.08786470,True
2026-08,"sample, monthly 120",0.00258308,0.04883303,0.16202979,0.29006530,0.19925378,0.02000001,51.09331774,True
