month,variant,budget (bp),forecast TE (bp),objective,met,bounds stop,roof,minimiser TE (bp),incidental,exposure Mkt-RF,exposure SMB,exposure HML,exposure RMW,exposure CMA,exposure Mom,incidental Mkt-RF,incidental SMB,incidental HML,incidental RMW,incidental CMA,incidental Mom
1979-07,"sample, daily 3y",minimiser,54.41268599,-0.11509816,True,False,0.17676419,,,,,,,,,,,,,,
1979-07,"sample, daily 3y",50,54.41268599,-0.11509816,False,False,0.17676419,54.41268599,-0.11509816,0.00297940,0.02145366,-0.03411290,-0.04502638,-0.02522531,-0.01073357,0.00297940,0.02145366,-0.03411290,-0.04502638,-0.02522531,-0.01073357
1979-07,"sample, daily 3y",75,75.00000006,0.09580973,True,False,0.17676419,54.41268599,-0.11509816,0.00520186,0.02582733,0.03797858,0.03375412,0.01106964,0.01300740,0.00297940,0.02145366,-0.03411290,-0.04502638,-0.02522531,-0.01073357
1979-07,"sample, daily 3y",100,100.00000003,0.16346718,True,False,0.17676419,54.41268599,-0.11509816,0.00883622,0.04601041,0.06030455,0.05659239,0.02704455,0.01952568,0.00297940,0.02145366,-0.03411290,-0.04502638,-0.02522531,-0.01073357
1979-07,"sample, daily 3y",125,118.14801414,0.17676419,True,True,0.17676419,54.41268599,-0.11509816,0.00993713,0.06392222,0.06037949,0.05370833,0.03457680,0.02809957,0.00297940,0.02145366,-0.03411290,-0.04502638,-0.02522531,-0.01073357
1979-07,"sample, daily 3y",150,118.14801447,0.17676419,True,True,0.17676419,54.41268599,-0.11509816,0.00993713,0.06392222,0.06037949,0.05370833,0.03457680,0.02809957,0.00297940,0.02145366,-0.03411290,-0.04502638,-0.02522531,-0.01073357
1979-07,"sample, daily 3y",200,118.14801433,0.17676419,True,True,0.17676419,54.41268599,-0.11509816,0.00993713,0.06392222,0.06037949,0.05370833,0.03457680,0.02809957,0.00297940,0.02145366,-0.03411290,-0.04502638,-0.02522531,-0.01073357
1979-07,"ledoit_wolf, daily 3y",minimiser,56.22408707,-0.11568969,True,False,0.17690258,,,,,,,,,,,,,,
1979-07,"ledoit_wolf, daily 3y",50,56.22408707,-0.11568969,False,False,0.17690258,56.22408707,-0.11568969,0.00348623,0.02181022,-0.03407027,-0.04560873,-0.02488868,-0.01112202,0.00348623,0.02181022,-0.03407027,-0.04560873,-0.02488868,-0.01112202
1979-07,"ledoit_wolf, daily 3y",75,75.00000001,0.08751128,True,False,0.17690258,56.22408707,-0.11568969,0.00529588,0.02571795,0.03465522,0.03099226,0.00991471,0.01194910,0.00348623,0.02181022,-0.03407027,-0.04560873,-0.02488868,-0.01112202
1979-07,"ledoit_wolf, daily 3y",100,100.00000002,0.16094789,True,False,0.17690258,56.22408707,-0.11568969,0.00929286,0.04365825,0.06101469,0.05562088,0.02551320,0.01879912,0.00348623,0.02181022,-0.03407027,-0.04560873,-0.02488868,-0.01112202
1979-07,"ledoit_wolf, daily 3y",125,119.38086780,0.17690258,True,True,0.17690258,56.22408707,-0.11568969,0.01027316,0.06384393,0.06046356,0.05395149,0.03439162,0.02809591,0.00348623,0.02181022,-0.03407027,-0.04560873,-0.02488868,-0.01112202
1979-07,"ledoit_wolf, daily 3y",150,119.38086791,0.17690258,True,True,0.17690258,56.22408707,-0.11568969,0.01027316,0.06384393,0.06046356,0.05395149,0.03439162,0.02809591,0.00348623,0.02181022,-0.03407027,-0.04560873,-0.02488868,-0.01112202
1979-07,"ledoit_wolf, daily 3y",200,119.38086787,0.17690258,True,True,0.17690258,56.22408707,-0.11568969,0.01027316,0.06384393,0.06046356,0.05395149,0.03439162,0.02809591,0.00348623,0.02181022,-0.03407027,-0.04560873,-0.02488868,-0.01112202
1979-07,"factor, daily 3y",minimiser,48.95841538,-0.09866633,True,False,0.17736783,,,,,,,,,,,,,,
1979-07,"factor, daily 3y",50,50.00000003,-0.05289606,True,False,0.17736783,48.95841538,-0.09866633,0.00550995,0.01430332,-0.01165410,-0.02187930,-0.01177797,-0.00758470,0.00553813,0.01585082,-0.02792410,-0.04005327,-0.01786391,-0.01282505
1979-07,"factor, daily 3y",75,75.00000002,0.11507128,True,False,0.17736783,48.95841538,-0.09866633,0.00735762,0.02075130,0.04555623,0.03892819,0.01719506,0.01339180,0.00553813,0.01585082,-0.02792410,-0.04005327,-0.01786391,-0.01282505
1979-07,"factor, daily 3y",100,100.00000003,0.16852901,True,False,0.17736783,48.95841538,-0.09866633,0.00961697,0.04880800,0.05838106,0.06019176,0.02897059,0.02098560,0.00553813,0.01585082,-0.02792410,-0.04005327,-0.01786391,-0.01282505
1979-07,"factor, daily 3y",125,113.36763073,0.17736783,True,True,0.17736783,48.95841538,-0.09866633,0.01139184,0.06354839,0.06070358,0.05481744,0.03378753,0.02805928,0.00553813,0.01585082,-0.02792410,-0.04005327,-0.01786391,-0.01282505
1979-07,"factor, daily 3y",150,113.36763049,0.17736783,True,True,0.17736783,48.95841538,-0.09866633,0.01139184,0.06354839,0.06070358,0.05481744,0.03378753,0.02805927,0.00553813,0.01585082,-0.02792410,-0.04005327,-0.01786391,-0.01282505
1979-07,"factor, daily 3y",200,113.36763069,0.17736783,True,True,0.17736783,48.95841538,-0.09866633,0.01139184,0.06354839,0.06070358,0.05481744,0.03378753,0.02805927,0.00553813,0.01585082,-0.02792410,-0.04005327,-0.01786391,-0.01282505
1979-07,"pca, daily 3y",minimiser,49.05726123,-0.13255274,True,False,0.17757771,,,,,,,,,,,,,,
1979-07,"pca, daily 3y",50,50.00000005,-0.08354628,True,False,0.17757771,49.05726123,-0.13255274,0.00628098,0.01696312,-0.02266860,-0.03214593,-0.01502992,-0.01370182,0.00616127,0.01879484,-0.04073171,-0.05014198,-0.02130645,-0.02037259
1979-07,"pca, daily 3y",75,75.00000011,0.11254384,True,False,0.17757771,49.05726123,-0.13255274,0.00767405,0.01929215,0.04444248,0.03672022,0.01808398,0.01329716,0.00616127,0.01879484,-0.04073171,-0.05014198,-0.02130645,-0.02037259
1979-07,"pca, daily 3y",100,100.00000001,0.16694457,True,False,0.17757771,49.05726123,-0.13255274,0.00940566,0.04602922,0.05636641,0.05934614,0.03019476,0.02103727,0.00616127,0.01879484,-0.04073171,-0.05014198,-0.02130645,-0.02037259
1979-07,"pca, daily 3y",125,114.78502478,0.17757771,True,True,0.17757771,49.05726123,-0.13255274,0.01187937,0.06336461,0.06074535,0.05528378,0.03354384,0.02800474,0.00616127,0.01879484,-0.04073171,-0.05014198,-0.02130645,-0.02037259
1979-07,"pca, daily 3y",150,114.78502515,0.17757771,True,True,0.17757771,49.05726123,-0.13255274,0.01187937,0.06336461,0.06074536,0.05528378,0.03354384,0.02800474,0.00616127,0.01879484,-0.04073171,-0.05014198,-0.02130645,-0.02037259
1979-07,"pca, daily 3y",200,114.78502488,0.17757771,True,True,0.17757771,49.05726123,-0.13255274,0.01187937,0.06336461,0.06074536,0.05528378,0.03354384,0.02800474,0.00616127,0.01879484,-0.04073171,-0.05014198,-0.02130645,-0.02037259
1979-07,"sample, monthly 120",minimiser,95.00518315,-0.10600468,True,False,0.12557606,,,,,,,,,,,,,,
1979-07,"sample, monthly 120",50,95.00518315,-0.10600468,False,False,0.12557606,95.00518315,-0.10600468,-0.01552171,0.01373636,-0.01691239,-0.04772363,-0.02698748,-0.01438118,-0.01552171,0.01373636,-0.01691239,-0.04772363,-0.02698748,-0.01438118
1979-07,"sample, monthly 120",75,95.00518315,-0.10600468,False,False,0.12557606,95.00518315,-0.10600468,-0.01552171,0.01373636,-0.01691239,-0.04772363,-0.02698748,-0.01438118,-0.01552171,0.01373636,-0.01691239,-0.04772363,-0.02698748,-0.01438118
1979-07,"sample, monthly 120",100,100.00000001,-0.02201113,True,False,0.12557606,95.00518315,-0.10600468,-0.01822387,0.01251299,0.01160397,-0.01441221,-0.01672049,-0.00248239,-0.01552171,0.01373636,-0.01691239,-0.04772363,-0.02698748,-0.01438118
1979-07,"sample, monthly 120",125,125.00000001,0.06527429,True,False,0.12557606,95.00518315,-0.10600468,-0.01162627,0.00798015,0.04204018,0.01885689,-0.00337674,0.00775396,-0.01552171,0.01373636,-0.01691239,-0.04772363,-0.02698748,-0.01438118
1979-07,"sample, monthly 120",150,150.00000001,0.10551255,True,False,0.12557606,95.00518315,-0.10600468,-0.01061939,0.01032266,0.05250204,0.03066808,0.00956902,0.01277341,-0.01552171,0.01373636,-0.01691239,-0.04772363,-0.02698748,-0.01438118
1979-07,"sample, monthly 120",200,193.44805244,0.12557606,True,True,0.12557606,95.00518315,-0.10600468,-0.02663082,0.02908767,0.06260266,0.02785842,0.02456642,0.01054856,-0.01552171,0.01373636,-0.01691239,-0.04772363,-0.02698748,-0.01438118
2004-11,"sample, daily 3y",minimiser,58.52743859,-0.01480076,True,False,0.33886135,,,,,,,,,,,,,,
2004-11,"sample, daily 3y",50,58.52743859,-0.01480076,False,False,0.33886135,58.52743859,-0.01480076,-0.00116810,0.00180228,-0.00324201,-0.01003867,-0.00575889,0.00423881,-0.00116810,0.00180228,-0.00324201,-0.01003867,-0.00575889,0.00423881
2004-11,"sample, daily 3y",75,75.00000001,0.07032668,True,False,0.33886135,58.52743859,-0.01480076,0.01038800,0.01088462,0.03773021,0.02458194,0.01112591,-0.00311138,-0.00116810,0.00180228,-0.00324201,-0.01003867,-0.00575889,0.00423881
2004-11,"sample, daily 3y",100,100.00000007,0.13108737,True,False,0.33886135,58.52743859,-0.01480076,0.01835403,0.01853893,0.06838860,0.04901368,0.02326041,-0.00957532,-0.00116810,0.00180228,-0.00324201,-0.01003867,-0.00575889,0.00423881
2004-11,"sample, daily 3y",125,125.00000000,0.18077728,True,False,0.33886135,58.52743859,-0.01480076,0.02550995,0.02639438,0.09355708,0.06952445,0.03158532,-0.01388957,-0.00116810,0.00180228,-0.00324201,-0.01003867,-0.00575889,0.00423881
2004-11,"sample, daily 3y",150,150.00000001,0.22459537,True,False,0.33886135,58.52743859,-0.01480076,0.03226558,0.03382097,0.12015512,0.08635298,0.03495823,-0.01687096,-0.00116810,0.00180228,-0.00324201,-0.01003867,-0.00575889,0.00423881
2004-11,"sample, daily 3y",200,200.00000001,0.29750015,True,False,0.33886135,58.52743859,-0.01480076,0.04383627,0.04885458,0.16948673,0.11052495,0.03723926,-0.01975079,-0.00116810,0.00180228,-0.00324201,-0.01003867,-0.00575889,0.00423881
2004-11,"ledoit_wolf, daily 3y",minimiser,59.35061516,-0.01505606,True,False,0.33873967,,,,,,,,,,,,,,
2004-11,"ledoit_wolf, daily 3y",50,59.35061516,-0.01505606,False,False,0.33873967,59.35061516,-0.01505606,-0.00124926,0.00174388,-0.00347083,-0.01040741,-0.00556143,0.00438361,-0.00124926,0.00174388,-0.00347083,-0.01040741,-0.00556143,0.00438361
2004-11,"ledoit_wolf, daily 3y",75,75.00000007,0.06777623,True,False,0.33873967,59.35061516,-0.01505606,0.01004755,0.01041692,0.03646968,0.02330917,0.01062416,-0.00262678,-0.00124926,0.00174388,-0.00347083,-0.01040741,-0.00556143,0.00438361
2004-11,"ledoit_wolf, daily 3y",100,100.00000001,0.12941561,True,False,0.33873967,59.35061516,-0.01505606,0.01815083,0.01816643,0.06789889,0.04812362,0.02267091,-0.00927781,-0.00124926,0.00174388,-0.00347083,-0.01040741,-0.00556143,0.00438361
2004-11,"ledoit_wolf, daily 3y",125,125.00000015,0.17959825,True,False,0.33873967,59.35061516,-0.01505606,0.02540571,0.02616319,0.09311604,0.06895356,0.03115376,-0.01362511,-0.00124926,0.00174388,-0.00347083,-0.01040741,-0.00556143,0.00438361
2004-11,"ledoit_wolf, daily 3y",150,150.00000002,0.22373849,True,False,0.33873967,59.35061516,-0.01505606,0.03220588,0.03356058,0.11969088,0.08602702,0.03470660,-0.01668601,-0.00124926,0.00174388,-0.00347083,-0.01040741,-0.00556143,0.00438361
2004-11,"ledoit_wolf, daily 3y",200,200.00000001,0.29710294,True,False,0.33873967,59.35061516,-0.01505606,0.04388120,0.04895956,0.16932414,0.11044172,0.03702632,-0.01968924,-0.00124926,0.00174388,-0.00347083,-0.01040741,-0.00556143,0.00438361
2004-11,"factor, daily 3y",minimiser,58.20085045,-0.00694496,True,False,0.33381151,,,,,,,,,,,,,,
2004-11,"factor, daily 3y",50,58.20085045,-0.00694496,False,False,0.33381151,58.20085045,-0.00694496,0.00145494,0.00210561,-0.00045336,-0.00575911,-0.00553700,0.00480451,0.00145494,0.00210561,-0.00045336,-0.00575911,-0.00553700,0.00480451
2004-11,"factor, daily 3y",75,75.00000004,0.08382611,True,False,0.33381151,58.20085045,-0.00694496,0.01501940,0.01248926,0.04361132,0.03142741,0.00984950,-0.00106212,0.00145494,0.00210561,-0.00045336,-0.00575911,-0.00553700,0.00480451
2004-11,"factor, daily 3y",100,100.00000005,0.14754499,True,False,0.33381151,58.20085045,-0.00694496,0.02454741,0.02174847,0.07621501,0.05754760,0.02007495,-0.00629257,0.00145494,0.00210561,-0.00045336,-0.00575911,-0.00553700,0.00480451
2004-11,"factor, daily 3y",125,125.00000002,0.20085513,True,False,0.33381151,58.20085045,-0.00694496,0.03268476,0.02979098,0.10434227,0.07945785,0.02766309,-0.01060807,0.00145494,0.00210561,-0.00045336,-0.00575911,-0.00553700,0.00480451
2004-11,"factor, daily 3y",150,150.00000001,0.24842788,True,False,0.33381151,58.20085045,-0.00694496,0.04028484,0.03712619,0.13406842,0.09747511,0.03066935,-0.01378501,0.00145494,0.00210561,-0.00045336,-0.00575911,-0.00553700,0.00480451
2004-11,"factor, daily 3y",200,200.00000000,0.32286013,True,False,0.33381151,58.20085045,-0.00694496,0.05321135,0.07021891,0.18492491,0.12239220,0.03580230,-0.02025928,0.00145494,0.00210561,-0.00045336,-0.00575911,-0.00553700,0.00480451
2004-11,"pca, daily 3y",minimiser,56.22215337,-0.01244282,True,False,0.33507712,,,,,,,,,,,,,,
2004-11,"pca, daily 3y",50,56.22215337,-0.01244282,False,False,0.33507712,56.22215337,-0.01244282,0.00091086,0.00399151,-0.00237972,-0.01074793,-0.00682075,0.00750558,0.00091086,0.00399151,-0.00237972,-0.01074793,-0.00682075,0.00750558
2004-11,"pca, daily 3y",75,75.00000005,0.08779399,True,False,0.33507712,56.22215337,-0.01244282,0.01268483,0.00495733,0.05865375,0.02650031,0.00740752,-0.00476758,0.00091086,0.00399151,-0.00237972,-0.01074793,-0.00682075,0.00750558
2004-11,"pca, daily 3y",100,100.00000001,0.15302648,True,False,0.33507712,56.22215337,-0.01244282,0.02052778,0.00846357,0.09834380,0.05088719,0.01705972,-0.01326423,0.00091086,0.00399151,-0.00237972,-0.01074793,-0.00682075,0.00750558
2004-11,"pca, daily 3y",125,125.00000012,0.20531563,True,False,0.33507712,56.22215337,-0.01244282,0.02807995,0.01322681,0.12961856,0.07145759,0.02216189,-0.01792241,0.00091086,0.00399151,-0.00237972,-0.01074793,-0.00682075,0.00750558
2004-11,"pca, daily 3y",150,150.00000002,0.25029363,True,False,0.33507712,56.22215337,-0.01244282,0.03558046,0.02066463,0.15733941,0.09000406,0.02394776,-0.02099760,0.00091086,0.00399151,-0.00237972,-0.01074793,-0.00682075,0.00750558
2004-11,"pca, daily 3y",200,200.00000001,0.31334517,True,False,0.33507712,56.22215337,-0.01244282,0.04759386,0.04466979,0.18402104,0.11636943,0.03365986,-0.02070516,0.00091086,0.00399151,-0.00237972,-0.01074793,-0.00682075,0.00750558
2004-11,"sample, monthly 120",minimiser,44.04301215,0.00462733,True,False,0.34426510,,,,,,,,,,,,,,
2004-11,"sample, monthly 120",50,50.00000002,0.05430039,True,False,0.34426510,44.04301215,0.00462733,0.00896058,0.02703404,0.01703806,0.02505966,0.01252469,-0.00032202,0.00126963,0.01831964,-0.00483879,0.00388573,0.00379002,0.00179037
2004-11,"sample, monthly 120",75,75.00000003,0.12356003,True,False,0.34426510,44.04301215,0.00462733,0.02007168,0.03989438,0.05487804,0.05538524,0.01655871,-0.00326196,0.00126963,0.01831964,-0.00483879,0.00388573,0.00379002,0.00179037
2004-11,"sample, monthly 120",100,100.00000009,0.16975297,True,False,0.34426510,44.04301215,0.00462733,0.02561899,0.04647955,0.08205883,0.07403089,0.02160874,-0.00794550,0.00126963,0.01831964,-0.00483879,0.00388573,0.00379002,0.00179037
2004-11,"sample, monthly 120",125,125.00000002,0.20909492,True,False,0.34426510,44.04301215,0.00462733,0.02876759,0.04985224,0.10714697,0.08618489,0.02861080,-0.01284774,0.00126963,0.01831964,-0.00483879,0.00388573,0.00379002,0.00179037
2004-11,"sample, monthly 120",150,150.00000002,0.24369906,True,False,0.34426510,44.04301215,0.00462733,0.03185055,0.05727869,0.12845325,0.09495351,0.03645913,-0.01616682,0.00126963,0.01831964,-0.00483879,0.00388573,0.00379002,0.00179037
2004-11,"sample, monthly 120",200,200.00000005,0.29963224,True,False,0.34426510,44.04301215,0.00462733,0.03639898,0.07216597,0.16632172,0.10543589,0.04734937,-0.01947474,0.00126963,0.01831964,-0.00483879,0.00388573,0.00379002,0.00179037
2026-08,"sample, daily 3y",minimiser,36.58126153,-0.00245283,True,False,0.24733618,,,,,,,,,,,,,,
2026-08,"sample, daily 3y",50,50.00000004,0.04961448,True,False,0.24733618,36.58126153,-0.00245283,0.00188263,0.00782397,0.00889433,0.00988044,0.01792214,0.01291757,-0.00128750,0.00216330,-0.00184255,-0.00281627,0.00150641,0.00069959
2026-08,"sample, daily 3y",75,75.00000000,0.09608685,True,False,0.24733618,36.58126153,-0.00245283,0.00455183,0.01464508,0.01725627,0.02312899,0.03135614,0.02434546,-0.00128750,0.00216330,-0.00184255,-0.00281627,0.00150641,0.00069959
2026-08,"sample, daily 3y",100,100.00000004,0.13128455,True,False,0.24733618,36.58126153,-0.00245283,0.00667778,0.02306934,0.02545844,0.03275891,0.04058064,0.03248655,-0.00128750,0.00216330,-0.00184255,-0.00281627,0.00150641,0.00069959
2026-08,"sample, daily 3y",125,125.00000016,0.16127490,True,False,0.24733618,36.58126153,-0.00245283,0.00845600,0.03150472,0.03385791,0.03934787,0.04936728,0.03870185,-0.00128750,0.00216330,-0.00184255,-0.00281627,0.00150641,0.00069959
2026-08,"sample, daily 3y",150,150.00000003,0.18815949,True,False,0.24733618,36.58126153,-0.00245283,0.00948529,0.04232114,0.04037715,0.04591486,0.05704589,0.04482159,-0.00128750,0.00216330,-0.00184255,-0.00281627,0.00150641,0.00069959
2026-08,"sample, daily 3y",200,200.00000001,0.23030530,True,False,0.24733618,36.58126153,-0.00245283,0.00812572,0.07211248,0.04638847,0.05549913,0.07245912,0.05595858,-0.00128750,0.00216330,-0.00184255,-0.00281627,0.00150641,0.00069959
2026-08,"ledoit_wolf, daily 3y",minimiser,37.89184037,-0.00315267,True,False,0.24736229,,,,,,,,,,,,,,
2026-08,"ledoit_wolf, daily 3y",50,50.00000010,0.04542450,True,False,0.24736229,37.89184037,-0.00315267,0.00169497,0.00774751,0.00772755,0.00912872,0.01686448,0.01170375,-0.00131862,0.00240760,-0.00228745,-0.00273625,0.00140806,0.00046297
2026-08,"ledoit_wolf, daily 3y",75,75.00000001,0.09225647,True,False,0.24736229,37.89184037,-0.00315267,0.00438481,0.01423149,0.01733397,0.02136805,0.03037315,0.02318131,-0.00131862,0.00240760,-0.00228745,-0.00273625,0.00140806,0.00046297
2026-08,"ledoit_wolf, daily 3y",100,100.00000000,0.12844384,True,False,0.24736229,37.89184037,-0.00315267,0.00642413,0.02297468,0.02459052,0.03205599,0.03990494,0.03189238,-0.00131862,0.00240760,-0.00228745,-0.00273625,0.00140806,0.00046297
2026-08,"ledoit_wolf, daily 3y",125,125.00000002,0.15888028,True,False,0.24736229,37.89184037,-0.00315267,0.00832751,0.03134486,0.03360484,0.03864861,0.04823354,0.03839328,-0.00131862,0.00240760,-0.00228745,-0.00273625,0.00140806,0.00046297
2026-08,"ledoit_wolf, daily 3y",150,150.00000001,0.18626880,True,False,0.24736229,37.89184037,-0.00315267,0.00949795,0.04144918,0.04055578,0.04491936,0.05616903,0.04462463,-0.00131862,0.00240760,-0.00228745,-0.00273625,0.00140806,0.00046297
2026-08,"ledoit_wolf, daily 3y",200,200.00000003,0.22950660,True,False,0.24736229,37.89184037,-0.00315267,0.00825137,0.07178006,0.04619584,0.05525090,0.07221193,0.05584793,-0.00131862,0.00240760,-0.00228745,-0.00273625,0.00140806,0.00046297
2026-08,"factor, daily 3y",minimiser,39.03385536,-0.00459743,True,False,0.24769472,,,,,,,,,,,,,,
2026-08,"factor, daily 3y",50,50.00000002,0.04238869,True,False,0.24769472,39.03385536,-0.00459743,0.00261126,0.00951554,0.00476891,0.01011645,0.01852808,0.00897526,0.00035992,0.00306326,-0.00380174,0.00119374,0.00038460,-0.00237403
2026-08,"factor, daily 3y",75,75.00000003,0.09034583,True,False,0.24769472,39.03385536,-0.00459743,0.00483207,0.01768186,0.01290093,0.02115169,0.03514288,0.02115033,0.00035992,0.00306326,-0.00380174,0.00119374,0.00038460,-0.00237403
2026-08,"factor, daily 3y",100,100.00000011,0.12782949,True,False,0.24769472,39.03385536,-0.00459743,0.00640504,0.02555444,0.01937752,0.03021722,0.04706067,0.03117408,0.00035992,0.00306326,-0.00380174,0.00119374,0.00038460,-0.00237403
2026-08,"factor, daily 3y",125,125.00000007,0.16069505,True,False,0.24769472,39.03385536,-0.00459743,0.00841927,0.03586935,0.02819935,0.03740446,0.05547335,0.03961789,0.00035992,0.00306326,-0.00380174,0.00119374,0.00038460,-0.00237403
2026-08,"factor, daily 3y",150,150.00000004,0.18962787,True,False,0.24769472,39.03385536,-0.00459743,0.01017714,0.04660549,0.03624646,0.04459007,0.06113118,0.04766016,0.00035992,0.00306326,-0.00380174,0.00119374,0.00038460,-0.00237403
2026-08,"factor, daily 3y",200,200.00000007,0.23251919,True,False,0.24769472,39.03385536,-0.00459743,0.01087950,0.07545328,0.04727448,0.05294670,0.07374812,0.05854989,0.00035992,0.00306326,-0.00380174,0.00119374,0.00038460,-0.00237403
2026-08,"pca, daily 3y",minimiser,39.59765087,-0.00862662,True,False,0.24774502,,,,,,,,,,,,,,
2026-08,"pca, daily 3y",50,50.00000018,0.04717264,True,False,0.24774502,39.59765087,-0.00862662,0.00310014,0.00294211,0.00498240,0.01121885,0.01885797,0.01211342,-0.00073000,0.00110026,-0.00495082,-0.00183015,-0.00050124,-0.00134441
2026-08,"pca, daily 3y",75,75.00000011,0.10317561,True,False,0.24774502,39.59765087,-0.00862662,0.00689407,0.00969361,0.01753858,0.02580859,0.03264167,0.02718677,-0.00073000,0.00110026,-0.00495082,-0.00183015,-0.00050124,-0.00134441
2026-08,"pca, daily 3y",100,100.00000004,0.14080581,True,False,0.24774502,39.59765087,-0.00862662,0.01062672,0.01686786,0.03339299,0.03208861,0.03954311,0.03578111,-0.00073000,0.00110026,-0.00495082,-0.00183015,-0.00050124,-0.00134441
2026-08,"pca, daily 3y",125,125.00000011,0.17082017,True,False,0.24774502,39.59765087,-0.00862662,0.01265186,0.02714117,0.04204917,0.03744883,0.04858658,0.04273559,-0.00073000,0.00110026,-0.00495082,-0.00183015,-0.00050124,-0.00134441
2026-08,"pca, daily 3y",150,150.00000004,0.19463012,True,False,0.24774502,39.59765087,-0.00862662,0.01241974,0.03998434,0.04506429,0.04154828,0.05787555,0.05014200,-0.00073000,0.00110026,-0.00495082,-0.00183015,-0.00050124,-0.00134441
2026-08,"pca, daily 3y",200,200.00000004,0.23086688,True,False,0.24774502,39.59765087,-0.00862662,0.01130336,0.07137480,0.04742539,0.05130824,0.07210268,0.06003056,-0.00073000,0.00110026,-0.00495082,-0.00183015,-0.00050124,-0.00134441
2026-08,"sample, monthly 120",minimiser,28.34585174,0.00258308,True,False,0.24565062,,,,,,,,,,,,,,
2026-08,"sample, monthly 120",50,50.00000010,0.08530115,True,False,0.24565062,28.34585174,0.00258308,0.00957696,0.01249952,0.00980978,0.01686988,0.03906456,0.01955693,0.00347606,0.00530404,-0.00070114,-0.00306451,0.00602076,0.00032797
2026-08,"sample, monthly 120",75,75.00000005,0.12821548,True,False,0.24565062,28.34585174,0.00258308,0.00890851,0.02347893,0.01917961,0.03082895,0.05115028,0.02705664,0.00347606,0.00530404,-0.00070114,-0.00306451,0.00602076,0.00032797
2026-08,"sample, monthly 120",100,100.00000002,0.16202979,True,False,0.24565062,28.34585174,0.00258308,0.00746734,0.03413338,0.02561651,0.04299748,0.06117097,0.03224483,0.00347606,0.00530404,-0.00070114,-0.00306451,0.00602076,0.00032797
2026-08,"sample, monthly 120",125,125.00000009,0.19102044,True,False,0.24565062,28.34585174,0.00258308,0.00496864,0.04814353,0.02949258,0.05110620,0.07088536,0.03953630,0.00347606,0.00530404,-0.00070114,-0.00306451,0.00602076,0.00032797
2026-08,"sample, monthly 120",150,150.00000001,0.21495823,True,False,0.24565062,28.34585174,0.00258308,0.00437500,0.06083564,0.03515739,0.05375371,0.07708705,0.04896009,0.00347606,0.00530404,-0.00070114,-0.00306451,0.00602076,0.00032797
2026-08,"sample, monthly 120",200,200.00000002,0.24092281,True,False,0.24565062,28.34585174,0.00258308,0.00047010,0.08357907,0.05303894,0.05620054,0.07955084,0.05213250,0.00347606,0.00530404,-0.00070114,-0.00306451,0.00602076,0.00032797
