estimator,data,portfolio,turnover a month,gross excess return % a year,volatility % a year,cost % a year at 50 bp,net excess return % at 50 bp,Sharpe net at 50 bp,cost % a year at 100 bp,net excess return % at 100 bp,Sharpe net at 100 bp
sample,monthly_120,long-only,0.070422,7.619887,12.271402,0.422534,7.197353,0.586514,0.845069,6.774819,0.552082
sample,monthly_120,unconstrained,0.762858,6.971035,14.123180,4.577149,2.393886,0.169500,9.154298,-2.183263,-0.154587
ledoit_wolf,monthly_120,long-only,0.066139,7.781150,12.225100,0.396836,7.384313,0.604029,0.793673,6.987477,0.571568
ledoit_wolf,monthly_120,unconstrained,0.338591,7.344275,12.134501,2.031548,5.312727,0.437820,4.063097,3.281178,0.270401
factor,monthly_120,long-only,0.052448,7.813022,12.148780,0.314687,7.498335,0.617209,0.629374,7.183648,0.591306
factor,monthly_120,unconstrained,0.210154,6.962521,12.752029,1.260923,5.701598,0.447113,2.521847,4.440674,0.348233
pca,monthly_120,long-only,0.062317,7.516012,12.317107,0.373900,7.142112,0.579853,0.747801,6.768211,0.549497
pca,monthly_120,unconstrained,0.289126,7.147673,12.653761,1.734753,5.412920,0.427772,3.469507,3.678166,0.290678
sample,daily_3y,long-only,0.085558,8.028231,12.170294,0.513347,7.514884,0.617478,1.026693,7.001538,0.575297
sample,daily_3y,unconstrained,0.404278,6.500012,11.934695,2.425667,4.074344,0.341387,4.851335,1.648677,0.138142
ledoit_wolf,daily_3y,long-only,0.083776,7.857162,12.199907,0.502657,7.354506,0.602833,1.005313,6.851849,0.561631
ledoit_wolf,daily_3y,unconstrained,0.352392,6.361560,11.850914,2.114349,4.247211,0.358387,4.228698,2.132861,0.179974
factor,daily_3y,long-only,0.069392,7.834415,12.113674,0.416353,7.418061,0.612371,0.832707,7.001708,0.578000
factor,daily_3y,unconstrained,0.234307,5.646410,13.171739,1.405840,4.240570,0.321945,2.811681,2.834729,0.215213
pca,daily_3y,long-only,0.079263,7.613538,12.179329,0.475578,7.137960,0.586072,0.951156,6.662382,0.547024
pca,daily_3y,unconstrained,0.294458,4.043242,13.512537,1.766746,2.276497,0.168473,3.533491,0.509751,0.037724
