month,estimator,data,set,tracking error (bp a year),one-way turnover,cap used,cap relaxed,industries held,effective number,active Coal (pp),active Oil (pp),active Util (pp),binding: long_only,binding: active_weight_bound,binding: turnover_cap,binding: tilt
1979-07,sample,daily_3y,C0,0.000047,0.000000,,False,49,18.367020,0.000000,0.000000,0.000001,0,,,
1979-07,sample,daily_3y,C1,0.000038,0.000000,,False,49,18.367020,-0.000000,0.000000,0.000001,0,0.000000,,
1979-07,sample,daily_3y,C2,0.000006,0.000000,0.020000,False,49,18.367020,-0.000000,0.000000,0.000000,0,0.000000,0.000000,
1979-07,sample,daily_3y,C3,53.298547,0.116901,0.116901,True,49,24.162240,-0.115617,-7.566141,-4.008226,0,1.000000,1.000000,3.000000
1979-07,ledoit_wolf,daily_3y,C0,0.000048,0.000000,,False,49,18.367020,0.000000,0.000000,0.000001,0,,,
1979-07,ledoit_wolf,daily_3y,C1,0.000032,0.000000,,False,49,18.367020,0.000000,0.000000,0.000001,0,0.000000,,
1979-07,ledoit_wolf,daily_3y,C2,0.000005,0.000000,0.020000,False,49,18.367020,-0.000000,0.000000,0.000000,0,0.000000,0.000000,
1979-07,ledoit_wolf,daily_3y,C3,54.969029,0.116901,0.116901,True,49,24.243061,-0.115617,-7.566141,-4.008226,0,1.000000,1.000000,3.000000
1979-07,factor,daily_3y,C0,0.000039,0.000000,,False,49,18.367020,0.000000,0.000000,0.000000,0,,,
1979-07,factor,daily_3y,C1,0.000031,0.000000,,False,49,18.367020,0.000000,0.000000,0.000000,0,0.000000,,
1979-07,factor,daily_3y,C2,0.000006,0.000000,0.020000,False,49,18.367020,0.000000,0.000000,0.000000,0,0.000000,0.000000,
1979-07,factor,daily_3y,C3,47.397465,0.116901,0.116901,True,49,24.512266,-0.115617,-7.566141,-4.008226,0,0.000000,1.000000,3.000000
1979-07,pca,daily_3y,C0,0.000038,0.000000,,False,49,18.367020,0.000000,0.000000,0.000001,0,,,
1979-07,pca,daily_3y,C1,0.000052,0.000000,,False,49,18.367019,0.000000,0.000001,0.000001,0,0.000000,,
1979-07,pca,daily_3y,C2,0.000006,0.000000,0.020000,False,49,18.367020,0.000000,0.000000,0.000000,0,0.000000,0.000000,
1979-07,pca,daily_3y,C3,47.512228,0.116901,0.116901,True,49,24.318498,-0.115617,-7.566141,-4.008226,0,0.000000,1.000000,3.000000
1979-07,sample,monthly_120,C0,0.000010,0.000000,,False,49,18.367020,0.000000,0.000000,-0.000000,0,,,
1979-07,sample,monthly_120,C1,0.000002,0.000000,,False,49,18.367020,-0.000000,0.000000,0.000000,0,0.000000,,
1979-07,sample,monthly_120,C2,0.000026,0.000000,0.020000,False,49,18.367018,0.000000,0.000001,-0.000000,0,0.000000,0.000000,
1979-07,sample,monthly_120,C3,107.931288,0.116901,0.116901,True,49,24.850906,-0.115617,-7.566141,-4.008226,0,2.000000,1.000000,3.000000
2004-11,sample,daily_3y,C0,0.000026,0.000000,,False,49,18.564926,-0.000000,0.000000,-0.000000,0,,,
2004-11,sample,daily_3y,C1,0.000010,0.000000,,False,49,18.564926,-0.000000,0.000000,-0.000000,0,0.000000,,
2004-11,sample,daily_3y,C2,0.000012,0.000000,0.020000,False,49,18.564926,-0.000000,0.000000,-0.000000,0,0.000000,0.000000,
2004-11,sample,daily_3y,C3,56.055377,0.046510,0.046510,True,49,18.441852,-0.043345,-2.951662,-1.655849,0,0.000000,1.000000,3.000000
2004-11,ledoit_wolf,daily_3y,C0,0.000026,0.000000,,False,49,18.564926,-0.000000,0.000000,-0.000000,0,,,
2004-11,ledoit_wolf,daily_3y,C1,0.000009,0.000000,,False,49,18.564926,-0.000000,0.000000,-0.000000,0,0.000000,,
2004-11,ledoit_wolf,daily_3y,C2,0.000011,0.000000,0.020000,False,49,18.564926,-0.000000,0.000000,-0.000000,0,0.000000,0.000000,
2004-11,ledoit_wolf,daily_3y,C3,56.467790,0.046510,0.046510,True,49,18.462419,-0.043345,-2.951662,-1.655849,0,0.000000,1.000000,3.000000
2004-11,factor,daily_3y,C0,0.000014,0.000000,,False,49,18.564926,-0.000000,0.000000,-0.000000,0,,,
2004-11,factor,daily_3y,C1,0.000573,0.000000,,False,49,18.564923,-0.000001,0.000000,-0.000001,0,0.000000,,
2004-11,factor,daily_3y,C2,0.000008,0.000000,0.020000,False,49,18.564926,-0.000000,0.000000,-0.000000,0,0.000000,0.000000,
2004-11,factor,daily_3y,C3,51.999072,0.046510,0.046510,True,49,18.782259,-0.043345,-2.951662,-1.655849,0,0.000000,1.000000,3.000000
2004-11,pca,daily_3y,C0,0.000026,0.000000,,False,49,18.564926,-0.000000,-0.000000,-0.000000,0,,,
2004-11,pca,daily_3y,C1,0.000011,0.000000,,False,49,18.564926,-0.000000,-0.000000,-0.000000,0,0.000000,,
2004-11,pca,daily_3y,C2,0.000011,0.000000,0.020000,False,49,18.564926,-0.000000,0.000000,-0.000000,0,0.000000,0.000000,
2004-11,pca,daily_3y,C3,50.885717,0.046510,0.046510,True,49,18.946805,-0.043345,-2.951662,-1.655849,0,0.000000,1.000000,3.000000
2004-11,sample,monthly_120,C0,0.000309,0.000001,,False,49,18.564930,0.000002,0.000001,-0.000009,0,,,
2004-11,sample,monthly_120,C1,0.000078,0.000000,,False,49,18.564927,0.000001,0.000000,-0.000002,0,0.000000,,
2004-11,sample,monthly_120,C2,0.000024,0.000000,0.020000,False,49,18.564926,0.000000,0.000000,-0.000001,0,0.000000,0.000000,
2004-11,sample,monthly_120,C3,48.794383,0.046510,0.046510,True,49,19.155267,-0.043345,-2.951662,-1.655849,0,0.000000,1.000000,3.000000
2026-08,sample,daily_3y,C0,0.000023,0.000000,,False,49,10.217839,0.000000,-0.000000,-0.000000,0,,,
2026-08,sample,daily_3y,C1,0.000043,0.000000,,False,49,10.217839,0.000000,-0.000000,-0.000000,0,0.000000,,
2026-08,sample,daily_3y,C2,0.000033,0.000000,0.020000,False,49,10.217839,0.000000,-0.000000,-0.000000,0,0.000000,0.000000,
2026-08,sample,daily_3y,C3,35.058865,0.027637,0.027637,True,49,10.272771,-0.009383,-1.479913,-1.274324,0,0.000000,1.000000,3.000000
2026-08,ledoit_wolf,daily_3y,C0,0.000021,0.000000,,False,49,10.217839,0.000000,-0.000000,-0.000000,0,,,
2026-08,ledoit_wolf,daily_3y,C1,0.000037,0.000000,,False,49,10.217839,0.000000,-0.000000,-0.000000,0,0.000000,,
2026-08,ledoit_wolf,daily_3y,C2,0.000031,0.000000,0.020000,False,49,10.217839,0.000000,-0.000000,-0.000000,0,0.000000,0.000000,
2026-08,ledoit_wolf,daily_3y,C3,35.658778,0.027637,0.027637,True,49,10.273424,-0.009383,-1.479913,-1.274324,0,0.000000,1.000000,3.000000
2026-08,factor,daily_3y,C0,0.000017,0.000000,,False,49,10.217839,0.000000,0.000000,0.000000,0,,,
2026-08,factor,daily_3y,C1,0.000019,0.000000,,False,49,10.217839,0.000000,0.000000,0.000000,0,0.000000,,
2026-08,factor,daily_3y,C2,0.000020,0.000000,0.020000,False,49,10.217839,0.000000,0.000000,0.000000,0,0.000000,0.000000,
2026-08,factor,daily_3y,C3,35.209152,0.027637,0.027637,True,49,10.233966,-0.009383,-1.479913,-1.274324,0,0.000000,1.000000,3.000000
2026-08,pca,daily_3y,C0,0.000022,0.000000,,False,49,10.217839,0.000000,-0.000000,0.000000,0,,,
2026-08,pca,daily_3y,C1,0.000043,0.000000,,False,49,10.217839,0.000000,-0.000000,0.000000,0,0.000000,,
2026-08,pca,daily_3y,C2,0.000029,0.000000,0.020000,False,49,10.217839,0.000000,-0.000000,0.000000,0,0.000000,0.000000,
2026-08,pca,daily_3y,C3,36.449990,0.027637,0.027637,True,49,10.269255,-0.009383,-1.479913,-1.274324,0,0.000000,1.000000,3.000000
2026-08,sample,monthly_120,C0,0.000016,0.000000,,False,49,10.217839,-0.000000,-0.000000,0.000000,0,,,
2026-08,sample,monthly_120,C1,0.000028,0.000000,,False,49,10.217839,-0.000000,-0.000000,0.000000,0,0.000000,,
2026-08,sample,monthly_120,C2,0.000057,0.000000,0.020000,False,49,10.217838,-0.000000,-0.000000,0.000000,0,0.000000,0.000000,
2026-08,sample,monthly_120,C3,32.790025,0.027637,0.027637,True,49,10.286353,-0.009383,-1.479913,-1.274324,0,0.000000,1.000000,3.000000
