rebalance,one-way turnover,forecast tracking error (bp a year),one-way distance to the benchmark
1,0.020000,707.739066,0.508447
2,0.020000,656.022151,0.489918
3,0.020000,606.878316,0.471811
4,0.020000,559.645297,0.451811
5,0.020000,514.468738,0.432804
6,0.020000,472.078531,0.414487
7,0.020000,433.139220,0.394905
8,0.020000,395.270678,0.377122
9,0.020000,358.403450,0.360463
10,0.020000,322.495975,0.342901
11,0.020000,287.692471,0.326126
12,0.020000,254.309496,0.312322
13,0.020000,222.696333,0.295632
14,0.020000,193.116318,0.276438
15,0.020000,166.093238,0.256833
16,0.020000,142.809352,0.237334
17,0.020000,122.795565,0.217334
18,0.020000,105.648173,0.197334
19,0.020000,90.445027,0.177334
20,0.020000,76.189641,0.157334
21,0.020000,62.446933,0.137334
22,0.020000,49.466140,0.117360
23,0.020000,37.632014,0.097417
24,0.020000,27.712637,0.077522
