month,estimator,data,tilt only (bp),mandate C3 (bp),rise (bp),beta,Smoke + Guns weight,one-way turnover,industries held
1979-07,sample,daily_3y,53.298547,55.512577,2.214031,1.000000,0.000000,0.130613,47
1979-07,ledoit_wolf,daily_3y,54.969029,57.163209,2.194180,1.000000,0.000000,0.130613,47
1979-07,factor,daily_3y,47.397465,49.275239,1.877774,1.000000,0.000000,0.130613,47
1979-07,pca,daily_3y,47.512228,49.516379,2.004152,1.000000,0.000000,0.130613,47
1979-07,sample,monthly_120,107.931288,133.380550,25.449262,1.000000,0.000000,0.132783,46
2004-11,sample,daily_3y,56.055377,62.648119,6.592742,1.000000,0.000000,0.057552,47
2004-11,ledoit_wolf,daily_3y,56.467790,63.032808,6.565017,1.000000,0.000000,0.057552,47
2004-11,factor,daily_3y,51.999072,58.925026,6.925954,1.000000,0.000000,0.057552,47
2004-11,pca,daily_3y,50.885717,56.526346,5.640629,1.000000,0.000000,0.057552,47
2004-11,sample,monthly_120,48.794383,67.350070,18.555687,1.000000,0.000000,0.057552,47
2026-08,sample,daily_3y,35.058865,41.626754,6.567889,1.000000,0.000000,0.036565,47
2026-08,ledoit_wolf,daily_3y,35.658778,42.273770,6.614992,1.000000,0.000000,0.036565,47
2026-08,factor,daily_3y,35.209152,39.699190,4.490037,1.000000,0.000000,0.036565,47
2026-08,pca,daily_3y,36.449990,40.911013,4.461023,1.000000,0.000000,0.036565,47
2026-08,sample,monthly_120,32.790025,33.354353,0.564328,1.000000,0.000000,0.036565,47
