rule,dataset,replicated,published,difference,verdict
ew,Industry,0.004973,0.005000,-0.000027,report
mv,Industry,-0.047988,-0.781600,0.733612,report
bs,Industry,-0.023755,-0.315700,0.291945,report
min,Industry,0.005006,0.005200,-0.000194,report
vw,Industry,0.004368,0.004200,0.000168,report
mv-c,Industry,0.001963,0.002300,-0.000337,report
bs-c,Industry,0.003141,0.003100,0.000041,report
min-c,Industry,0.004704,0.004700,0.000004,report
g-min-c,Industry,0.004793,0.004800,-0.000007,report
ew,MKT/SMB/HML,0.004220,0.003900,0.000320,report
mv,MKT/SMB/HML,0.004265,0.004500,-0.000235,report
bs,MKT/SMB/HML,0.004263,0.004300,-0.000037,report
min,MKT/SMB/HML,0.004037,0.003900,0.000137,report
vw,MKT/SMB/HML,0.004368,0.004200,0.000168,report
mv-c,MKT/SMB/HML,0.003144,0.003000,0.000144,report
bs-c,MKT/SMB/HML,0.003776,0.003800,-0.000024,report
min-c,MKT/SMB/HML,0.004037,0.003900,0.000137,report
g-min-c,MKT/SMB/HML,0.003976,0.003800,0.000176,report
ew,FF-1-factor,0.007286,0.007300,-0.000014,report
mv,FF-1-factor,-0.659715,-2.714200,2.054485,report
bs,FF-1-factor,-0.186123,-0.650400,0.464277,report
min,FF-1-factor,0.008816,0.010000,-0.001184,report
vw,FF-1-factor,0.004368,0.004200,0.000168,report
mv-c,FF-1-factor,0.009022,0.009000,0.000022,report
bs-c,FF-1-factor,0.008661,0.008800,-0.000139,report
min-c,FF-1-factor,0.006086,0.006000,0.000086,report
g-min-c,FF-1-factor,0.006750,0.006700,0.000050,report
ew,FF-4-factor,0.007195,0.007200,-0.000005,report
mv,FF-4-factor,0.013293,-0.082900,0.096193,report
bs,FF-4-factor,0.013629,-0.036200,0.049829,report
min,FF-4-factor,0.000109,-0.000200,0.000309,report
vw,FF-4-factor,0.004368,0.004200,0.000168,report
mv-c,FF-4-factor,0.007548,0.007500,0.000048,report
bs-c,FF-4-factor,0.007487,0.007400,0.000087,report
min-c,FF-4-factor,0.005220,0.005100,0.000120,report
g-min-c,FF-4-factor,0.007016,0.007000,0.000016,report
