rule,dataset,replicated,published,relative_error,verdict
ew,Industry,0.022123,0.021600,0.024203,pass
mv,Industry,2347.119670,606594.360000,-0.996131,report
bs,Industry,1952.324769,10621.230000,-0.816187,report
min,Industry,20.992717,21.650000,-0.030359,pass
vw,Industry,0.000000,0.000000,,pass
mv-c,Industry,7.695425,7.170000,0.073281,pass
bs-c,Industry,6.634719,7.220000,-0.081064,pass
min-c,Industry,2.338207,2.580000,-0.093718,pass
g-min-c,Industry,1.490710,1.520000,-0.019270,pass
ew,MKT/SMB/HML,0.023745,0.023700,0.001891,pass
mv,MKT/SMB/HML,2.502533,2.830000,-0.115713,pass
bs,MKT/SMB/HML,1.520159,1.850000,-0.178292,pass
min,MKT/SMB/HML,1.022856,1.110000,-0.078508,pass
vw,MKT/SMB/HML,0.000000,0.000000,,pass
mv-c,MKT/SMB/HML,3.855204,4.120000,-0.064271,pass
bs-c,MKT/SMB/HML,3.453301,3.650000,-0.053890,pass
min-c,MKT/SMB/HML,1.022856,1.110000,-0.078508,pass
g-min-c,MKT/SMB/HML,1.001175,1.090000,-0.081490,pass
ew,FF-1-factor,0.016444,0.016200,0.015043,pass
mv,FF-1-factor,10112.318067,10466.100000,-0.033803,report
bs,FF-1-factor,5516.099440,11796.470000,-0.532394,report
min,FF-1-factor,44.953575,45.470000,-0.011357,pass
vw,FF-1-factor,0.000000,0.000000,,pass
mv-c,FF-1-factor,19.067328,17.530000,0.087697,pass
bs-c,FF-1-factor,16.105307,17.320000,-0.070132,pass
min-c,FF-1-factor,4.201883,3.930000,0.069181,pass
g-min-c,FF-1-factor,1.945923,1.780000,0.093215,pass
ew,FF-4-factor,0.020042,0.019800,0.012207,pass
mv,FF-4-factor,678.029348,3553.030000,-0.809169,report
bs,FF-4-factor,795.926971,3417.810000,-0.767124,report
min,FF-4-factor,6.159449,6.830000,-0.098177,pass
vw,FF-4-factor,0.000000,0.000000,,pass
mv-c,FF-4-factor,16.464012,13.820000,0.191318,pass
bs-c,FF-4-factor,13.650892,13.070000,0.044445,pass
min-c,FF-4-factor,1.632860,1.760000,-0.072239,pass
g-min-c,FF-4-factor,1.658813,1.700000,-0.024228,pass
